/*
Navicat MySQL Data Transfer

Source Server         : Local
Source Server Version : 50617
Source Host           : localhost:3306
Source Database       : sekuritas

Target Server Type    : MYSQL
Target Server Version : 50617
File Encoding         : 65001

Date: 2017-01-23 20:59:18
*/

SET FOREIGN_KEY_CHECKS=0;

-- ----------------------------
-- Table structure for ciudad
-- ----------------------------
DROP TABLE IF EXISTS `ciudad`;
CREATE TABLE `ciudad` (
  `id_ciu` int(15) unsigned NOT NULL AUTO_INCREMENT,
  `nom_ciu` varchar(100) NOT NULL,
  `cod_pos_ciu` int(8) DEFAULT NULL,
  `fech_creacion` datetime NOT NULL,
  `fech_modificacion` datetime DEFAULT NULL,
  PRIMARY KEY (`id_ciu`)
) ENGINE=InnoDB AUTO_INCREMENT=1122 DEFAULT CHARSET=utf8;

-- ----------------------------
-- Records of ciudad
-- ----------------------------
INSERT INTO `ciudad` VALUES ('1', 'ABEJORRAL', '5002', '2017-01-21 23:28:52', '2017-01-21 23:28:52');
INSERT INTO `ciudad` VALUES ('2', 'ABREGO', '54003', '2017-01-21 23:28:52', '2017-01-21 23:28:52');
INSERT INTO `ciudad` VALUES ('3', 'ABRIAQUI', '5004', '2017-01-21 23:28:52', '2017-01-21 23:28:52');
INSERT INTO `ciudad` VALUES ('4', 'ACACIAS', '50006', '2017-01-21 23:28:52', '2017-01-21 23:28:52');
INSERT INTO `ciudad` VALUES ('5', 'ACANDI', '27006', '2017-01-21 23:28:52', '2017-01-21 23:28:52');
INSERT INTO `ciudad` VALUES ('6', 'ACEVEDO', '41006', '2017-01-21 23:28:52', '2017-01-21 23:28:52');
INSERT INTO `ciudad` VALUES ('7', 'ACHI', '13006', '2017-01-21 23:28:52', '2017-01-21 23:28:52');
INSERT INTO `ciudad` VALUES ('8', 'AGRADO', '41013', '2017-01-21 23:28:52', '2017-01-21 23:28:52');
INSERT INTO `ciudad` VALUES ('9', 'AGUA DE DIOS', '25001', '2017-01-21 23:28:52', '2017-01-21 23:28:52');
INSERT INTO `ciudad` VALUES ('10', 'AGUACHICA', '20011', '2017-01-21 23:28:52', '2017-01-21 23:28:52');
INSERT INTO `ciudad` VALUES ('11', 'AGUADA', '68013', '2017-01-21 23:28:52', '2017-01-21 23:28:52');
INSERT INTO `ciudad` VALUES ('12', 'AGUADAS', '17013', '2017-01-21 23:28:52', '2017-01-21 23:28:52');
INSERT INTO `ciudad` VALUES ('13', 'AGUAZUL', '85010', '2017-01-21 23:28:52', '2017-01-21 23:28:52');
INSERT INTO `ciudad` VALUES ('14', 'AGUSTIN CODAZZI', '20013', '2017-01-21 23:28:52', '2017-01-21 23:28:52');
INSERT INTO `ciudad` VALUES ('15', 'AIPE', '41016', '2017-01-21 23:28:52', '2017-01-21 23:28:52');
INSERT INTO `ciudad` VALUES ('16', 'ALBAN', '25019', '2017-01-21 23:28:52', '2017-01-21 23:28:52');
INSERT INTO `ciudad` VALUES ('17', 'ALBAN', '52019', '2017-01-21 23:28:52', '2017-01-21 23:28:52');
INSERT INTO `ciudad` VALUES ('18', 'ALBANIA', '18029', '2017-01-21 23:28:52', '2017-01-21 23:28:52');
INSERT INTO `ciudad` VALUES ('19', 'ALBANIA', '44035', '2017-01-21 23:28:52', '2017-01-21 23:28:52');
INSERT INTO `ciudad` VALUES ('20', 'ALBANIA', '68020', '2017-01-21 23:28:52', '2017-01-21 23:28:52');
INSERT INTO `ciudad` VALUES ('21', 'ALCALA', '76020', '2017-01-21 23:28:52', '2017-01-21 23:28:52');
INSERT INTO `ciudad` VALUES ('22', 'ALDANA', '52022', '2017-01-21 23:28:52', '2017-01-21 23:28:52');
INSERT INTO `ciudad` VALUES ('23', 'ALEJANDRIA', '5021', '2017-01-21 23:28:52', '2017-01-21 23:28:52');
INSERT INTO `ciudad` VALUES ('24', 'ALGARROBO', '47030', '2017-01-21 23:28:52', '2017-01-21 23:28:52');
INSERT INTO `ciudad` VALUES ('25', 'ALGECIRAS', '41020', '2017-01-21 23:28:52', '2017-01-21 23:28:52');
INSERT INTO `ciudad` VALUES ('26', 'ALMAGUER', '19022', '2017-01-21 23:28:52', '2017-01-21 23:28:52');
INSERT INTO `ciudad` VALUES ('27', 'ALMEIDA', '15022', '2017-01-21 23:28:52', '2017-01-21 23:28:52');
INSERT INTO `ciudad` VALUES ('28', 'ALPUJARRA', '73024', '2017-01-21 23:28:52', '2017-01-21 23:28:52');
INSERT INTO `ciudad` VALUES ('29', 'ALTAMIRA', '41026', '2017-01-21 23:28:52', '2017-01-21 23:28:52');
INSERT INTO `ciudad` VALUES ('30', 'ALTO BAUDO', '27025', '2017-01-21 23:28:52', '2017-01-21 23:28:52');
INSERT INTO `ciudad` VALUES ('31', 'ALTOS DEL ROSARIO', '13030', '2017-01-21 23:28:52', '2017-01-21 23:28:52');
INSERT INTO `ciudad` VALUES ('32', 'ALVARADO', '73026', '2017-01-21 23:28:52', '2017-01-21 23:28:52');
INSERT INTO `ciudad` VALUES ('33', 'AMAGA', '5030', '2017-01-21 23:28:52', '2017-01-21 23:28:52');
INSERT INTO `ciudad` VALUES ('34', 'AMALFI', '5031', '2017-01-21 23:28:52', '2017-01-21 23:28:52');
INSERT INTO `ciudad` VALUES ('35', 'AMBALEMA', '73030', '2017-01-21 23:28:52', '2017-01-21 23:28:52');
INSERT INTO `ciudad` VALUES ('36', 'ANAPOIMA', '25035', '2017-01-21 23:28:52', '2017-01-21 23:28:52');
INSERT INTO `ciudad` VALUES ('37', 'ANCUYA', '52036', '2017-01-21 23:28:52', '2017-01-21 23:28:52');
INSERT INTO `ciudad` VALUES ('38', 'ANDALUCIA', '76036', '2017-01-21 23:28:52', '2017-01-21 23:28:52');
INSERT INTO `ciudad` VALUES ('39', 'ANDES', '5034', '2017-01-21 23:28:52', '2017-01-21 23:28:52');
INSERT INTO `ciudad` VALUES ('40', 'ANGELOPOLIS', '5036', '2017-01-21 23:28:52', '2017-01-21 23:28:52');
INSERT INTO `ciudad` VALUES ('41', 'ANGOSTURA', '5038', '2017-01-21 23:28:52', '2017-01-21 23:28:52');
INSERT INTO `ciudad` VALUES ('42', 'ANOLAIMA', '25040', '2017-01-21 23:28:52', '2017-01-21 23:28:52');
INSERT INTO `ciudad` VALUES ('43', 'ANORI', '5040', '2017-01-21 23:28:52', '2017-01-21 23:28:52');
INSERT INTO `ciudad` VALUES ('44', 'ANSERMA', '17042', '2017-01-21 23:28:52', '2017-01-21 23:28:52');
INSERT INTO `ciudad` VALUES ('45', 'ANSERMANUEVO', '76041', '2017-01-21 23:28:52', '2017-01-21 23:28:52');
INSERT INTO `ciudad` VALUES ('46', 'ANZA', '5044', '2017-01-21 23:28:52', '2017-01-21 23:28:52');
INSERT INTO `ciudad` VALUES ('47', 'ANZOATEGUI', '73043', '2017-01-21 23:28:52', '2017-01-21 23:28:52');
INSERT INTO `ciudad` VALUES ('48', 'APARTADO', '5045', '2017-01-21 23:28:52', '2017-01-21 23:28:52');
INSERT INTO `ciudad` VALUES ('49', 'APIA', '66045', '2017-01-21 23:28:52', '2017-01-21 23:28:52');
INSERT INTO `ciudad` VALUES ('50', 'APULO', '25599', '2017-01-21 23:28:52', '2017-01-21 23:28:52');
INSERT INTO `ciudad` VALUES ('51', 'AQUITANIA', '15047', '2017-01-21 23:28:52', '2017-01-21 23:28:52');
INSERT INTO `ciudad` VALUES ('52', 'ARACATACA', '47053', '2017-01-21 23:28:52', '2017-01-21 23:28:52');
INSERT INTO `ciudad` VALUES ('53', 'ARANZAZU', '17050', '2017-01-21 23:28:52', '2017-01-21 23:28:52');
INSERT INTO `ciudad` VALUES ('54', 'ARATOCA', '68051', '2017-01-21 23:28:52', '2017-01-21 23:28:52');
INSERT INTO `ciudad` VALUES ('55', 'ARAUCA', '81001', '2017-01-21 23:28:52', '2017-01-21 23:28:52');
INSERT INTO `ciudad` VALUES ('56', 'ARAUQUITA', '81065', '2017-01-21 23:28:52', '2017-01-21 23:28:52');
INSERT INTO `ciudad` VALUES ('57', 'ARBELAEZ', '25053', '2017-01-21 23:28:52', '2017-01-21 23:28:52');
INSERT INTO `ciudad` VALUES ('58', 'ARBOLEDA', '52051', '2017-01-21 23:28:52', '2017-01-21 23:28:52');
INSERT INTO `ciudad` VALUES ('59', 'ARBOLEDAS', '54051', '2017-01-21 23:28:52', '2017-01-21 23:28:52');
INSERT INTO `ciudad` VALUES ('60', 'ARBOLETES', '5051', '2017-01-21 23:28:52', '2017-01-21 23:28:52');
INSERT INTO `ciudad` VALUES ('61', 'ARCABUCO', '15051', '2017-01-21 23:28:52', '2017-01-21 23:28:52');
INSERT INTO `ciudad` VALUES ('62', 'ARENAL', '13042', '2017-01-21 23:28:52', '2017-01-21 23:28:52');
INSERT INTO `ciudad` VALUES ('63', 'ARGELIA', '5055', '2017-01-21 23:28:52', '2017-01-21 23:28:52');
INSERT INTO `ciudad` VALUES ('64', 'ARGELIA', '19050', '2017-01-21 23:28:52', '2017-01-21 23:28:52');
INSERT INTO `ciudad` VALUES ('65', 'ARGELIA', '76054', '2017-01-21 23:28:52', '2017-01-21 23:28:52');
INSERT INTO `ciudad` VALUES ('66', 'ARIGUANI', '47058', '2017-01-21 23:28:52', '2017-01-21 23:28:52');
INSERT INTO `ciudad` VALUES ('67', 'ARJONA', '13052', '2017-01-21 23:28:52', '2017-01-21 23:28:52');
INSERT INTO `ciudad` VALUES ('68', 'ARMENIA', '5059', '2017-01-21 23:28:52', '2017-01-21 23:28:52');
INSERT INTO `ciudad` VALUES ('69', 'ARMENIA', '63001', '2017-01-21 23:28:52', '2017-01-21 23:28:52');
INSERT INTO `ciudad` VALUES ('70', 'ARMERO', '73055', '2017-01-21 23:28:52', '2017-01-21 23:28:52');
INSERT INTO `ciudad` VALUES ('71', 'ARROYOHONDO', '13062', '2017-01-21 23:28:52', '2017-01-21 23:28:52');
INSERT INTO `ciudad` VALUES ('72', 'ASTREA', '20032', '2017-01-21 23:28:52', '2017-01-21 23:28:52');
INSERT INTO `ciudad` VALUES ('73', 'ATACO', '73067', '2017-01-21 23:28:52', '2017-01-21 23:28:52');
INSERT INTO `ciudad` VALUES ('74', 'ATRATO', '27050', '2017-01-21 23:28:52', '2017-01-21 23:28:52');
INSERT INTO `ciudad` VALUES ('75', 'AYAPEL', '23068', '2017-01-21 23:28:52', '2017-01-21 23:28:52');
INSERT INTO `ciudad` VALUES ('76', 'BAGADO', '27073', '2017-01-21 23:28:52', '2017-01-21 23:28:52');
INSERT INTO `ciudad` VALUES ('77', 'BAHIA SOLANO', '27075', '2017-01-21 23:28:52', '2017-01-21 23:28:52');
INSERT INTO `ciudad` VALUES ('78', 'BAJO BAUDO', '27077', '2017-01-21 23:28:52', '2017-01-21 23:28:52');
INSERT INTO `ciudad` VALUES ('79', 'BALBOA', '19075', '2017-01-21 23:28:52', '2017-01-21 23:28:52');
INSERT INTO `ciudad` VALUES ('80', 'BALBOA', '66075', '2017-01-21 23:28:52', '2017-01-21 23:28:52');
INSERT INTO `ciudad` VALUES ('81', 'BARANOA', '8078', '2017-01-21 23:28:52', '2017-01-21 23:28:52');
INSERT INTO `ciudad` VALUES ('82', 'BARAYA', '41078', '2017-01-21 23:28:52', '2017-01-21 23:28:52');
INSERT INTO `ciudad` VALUES ('83', 'BARBACOAS', '52079', '2017-01-21 23:28:52', '2017-01-21 23:28:52');
INSERT INTO `ciudad` VALUES ('84', 'BARBOSA', '5079', '2017-01-21 23:28:52', '2017-01-21 23:28:52');
INSERT INTO `ciudad` VALUES ('85', 'BARBOSA', '68077', '2017-01-21 23:28:52', '2017-01-21 23:28:52');
INSERT INTO `ciudad` VALUES ('86', 'BARICHARA', '68079', '2017-01-21 23:28:52', '2017-01-21 23:28:52');
INSERT INTO `ciudad` VALUES ('87', 'BARRANCA DE UPIA', '50110', '2017-01-21 23:28:52', '2017-01-21 23:28:52');
INSERT INTO `ciudad` VALUES ('88', 'BARRANCABERMEJA', '68081', '2017-01-21 23:28:52', '2017-01-21 23:28:52');
INSERT INTO `ciudad` VALUES ('89', 'BARRANCAS', '44078', '2017-01-21 23:28:52', '2017-01-21 23:28:52');
INSERT INTO `ciudad` VALUES ('90', 'BARRANCO DE LOBA', '13074', '2017-01-21 23:28:52', '2017-01-21 23:28:52');
INSERT INTO `ciudad` VALUES ('91', 'BARRANCO MINAS', '94343', '2017-01-21 23:28:52', '2017-01-21 23:28:52');
INSERT INTO `ciudad` VALUES ('92', 'BARRANQUILLA', '8001', '2017-01-21 23:28:52', '2017-01-21 23:28:52');
INSERT INTO `ciudad` VALUES ('93', 'BECERRIL', '20045', '2017-01-21 23:28:52', '2017-01-21 23:28:52');
INSERT INTO `ciudad` VALUES ('94', 'BELALCAZAR', '17088', '2017-01-21 23:28:52', '2017-01-21 23:28:52');
INSERT INTO `ciudad` VALUES ('95', 'BELEN', '15087', '2017-01-21 23:28:52', '2017-01-21 23:28:52');
INSERT INTO `ciudad` VALUES ('96', 'BELEN', '52083', '2017-01-21 23:28:52', '2017-01-21 23:28:52');
INSERT INTO `ciudad` VALUES ('97', 'BELEN DE BAJIRA', '27086', '2017-01-21 23:28:52', '2017-01-21 23:28:52');
INSERT INTO `ciudad` VALUES ('98', 'BELEN DE LOS ANDAQUIES', '18094', '2017-01-21 23:28:52', '2017-01-21 23:28:52');
INSERT INTO `ciudad` VALUES ('99', 'BELEN DE UMBRIA', '66088', '2017-01-21 23:28:52', '2017-01-21 23:28:52');
INSERT INTO `ciudad` VALUES ('100', 'BELLO', '5088', '2017-01-21 23:28:52', '2017-01-21 23:28:52');
INSERT INTO `ciudad` VALUES ('101', 'BELMIRA', '5086', '2017-01-21 23:28:52', '2017-01-21 23:28:52');
INSERT INTO `ciudad` VALUES ('102', 'BELTRAN', '25086', '2017-01-21 23:28:52', '2017-01-21 23:28:52');
INSERT INTO `ciudad` VALUES ('103', 'BERBEO', '15090', '2017-01-21 23:28:52', '2017-01-21 23:28:52');
INSERT INTO `ciudad` VALUES ('104', 'BETANIA', '5091', '2017-01-21 23:28:52', '2017-01-21 23:28:52');
INSERT INTO `ciudad` VALUES ('105', 'BETEITIVA', '15092', '2017-01-21 23:28:52', '2017-01-21 23:28:52');
INSERT INTO `ciudad` VALUES ('106', 'BETULIA', '5093', '2017-01-21 23:28:52', '2017-01-21 23:28:52');
INSERT INTO `ciudad` VALUES ('107', 'BETULIA', '68092', '2017-01-21 23:28:52', '2017-01-21 23:28:52');
INSERT INTO `ciudad` VALUES ('108', 'BITUIMA', '25095', '2017-01-21 23:28:52', '2017-01-21 23:28:52');
INSERT INTO `ciudad` VALUES ('109', 'BOAVITA', '15097', '2017-01-21 23:28:52', '2017-01-21 23:28:52');
INSERT INTO `ciudad` VALUES ('110', 'BOCHALEMA', '54099', '2017-01-21 23:28:52', '2017-01-21 23:28:52');
INSERT INTO `ciudad` VALUES ('111', 'BOGOTA D.C', '11001', '2017-01-21 23:28:52', '2017-01-21 23:28:52');
INSERT INTO `ciudad` VALUES ('112', 'BOJACA', '25099', '2017-01-21 23:28:52', '2017-01-21 23:28:52');
INSERT INTO `ciudad` VALUES ('113', 'BOJAYA', '27099', '2017-01-21 23:28:52', '2017-01-21 23:28:52');
INSERT INTO `ciudad` VALUES ('114', 'BOLIVAR', '19100', '2017-01-21 23:28:52', '2017-01-21 23:28:52');
INSERT INTO `ciudad` VALUES ('115', 'BOLIVAR', '68101', '2017-01-21 23:28:52', '2017-01-21 23:28:52');
INSERT INTO `ciudad` VALUES ('116', 'BOLIVAR', '76100', '2017-01-21 23:28:52', '2017-01-21 23:28:52');
INSERT INTO `ciudad` VALUES ('117', 'BOSCONIA', '20060', '2017-01-21 23:28:52', '2017-01-21 23:28:52');
INSERT INTO `ciudad` VALUES ('118', 'BOYACA', '15104', '2017-01-21 23:28:52', '2017-01-21 23:28:52');
INSERT INTO `ciudad` VALUES ('119', 'BRICENO', '5107', '2017-01-21 23:28:52', '2017-01-21 23:28:52');
INSERT INTO `ciudad` VALUES ('120', 'BRICENO', '15106', '2017-01-21 23:28:52', '2017-01-21 23:28:52');
INSERT INTO `ciudad` VALUES ('121', 'BUCARAMANGA', '68001', '2017-01-21 23:28:52', '2017-01-21 23:28:52');
INSERT INTO `ciudad` VALUES ('122', 'BUCARASICA', '54109', '2017-01-21 23:28:52', '2017-01-21 23:28:52');
INSERT INTO `ciudad` VALUES ('123', 'BUENAVENTURA', '76109', '2017-01-21 23:28:52', '2017-01-21 23:28:52');
INSERT INTO `ciudad` VALUES ('124', 'BUENAVISTA', '15109', '2017-01-21 23:28:52', '2017-01-21 23:28:52');
INSERT INTO `ciudad` VALUES ('125', 'BUENAVISTA', '23079', '2017-01-21 23:28:52', '2017-01-21 23:28:52');
INSERT INTO `ciudad` VALUES ('126', 'BUENAVISTA', '63111', '2017-01-21 23:28:52', '2017-01-21 23:28:52');
INSERT INTO `ciudad` VALUES ('127', 'BUENAVISTA', '70110', '2017-01-21 23:28:52', '2017-01-21 23:28:52');
INSERT INTO `ciudad` VALUES ('128', 'BUENOS AIRES', '19110', '2017-01-21 23:28:52', '2017-01-21 23:28:52');
INSERT INTO `ciudad` VALUES ('129', 'BUESACO', '52110', '2017-01-21 23:28:52', '2017-01-21 23:28:52');
INSERT INTO `ciudad` VALUES ('130', 'BUGALAGRANDE', '76113', '2017-01-21 23:28:52', '2017-01-21 23:28:52');
INSERT INTO `ciudad` VALUES ('131', 'BURITICA', '5113', '2017-01-21 23:28:52', '2017-01-21 23:28:52');
INSERT INTO `ciudad` VALUES ('132', 'BUSBANZA', '15114', '2017-01-21 23:28:52', '2017-01-21 23:28:52');
INSERT INTO `ciudad` VALUES ('133', 'CABRERA', '25120', '2017-01-21 23:28:52', '2017-01-21 23:28:52');
INSERT INTO `ciudad` VALUES ('134', 'CABRERA', '68121', '2017-01-21 23:28:52', '2017-01-21 23:28:52');
INSERT INTO `ciudad` VALUES ('135', 'CABUYARO', '50124', '2017-01-21 23:28:52', '2017-01-21 23:28:52');
INSERT INTO `ciudad` VALUES ('136', 'CACAHUAL', '94886', '2017-01-21 23:28:52', '2017-01-21 23:28:52');
INSERT INTO `ciudad` VALUES ('137', 'CACERES', '5120', '2017-01-21 23:28:52', '2017-01-21 23:28:52');
INSERT INTO `ciudad` VALUES ('138', 'CACHIPAY', '25123', '2017-01-21 23:28:52', '2017-01-21 23:28:52');
INSERT INTO `ciudad` VALUES ('139', 'CACHIRA', '54128', '2017-01-21 23:28:52', '2017-01-21 23:28:52');
INSERT INTO `ciudad` VALUES ('140', 'CACOTA', '54125', '2017-01-21 23:28:52', '2017-01-21 23:28:52');
INSERT INTO `ciudad` VALUES ('141', 'CAICEDO', '5125', '2017-01-21 23:28:52', '2017-01-21 23:28:52');
INSERT INTO `ciudad` VALUES ('142', 'CAICEDONIA', '76122', '2017-01-21 23:28:52', '2017-01-21 23:28:52');
INSERT INTO `ciudad` VALUES ('143', 'CAIMITO', '70124', '2017-01-21 23:28:52', '2017-01-21 23:28:52');
INSERT INTO `ciudad` VALUES ('144', 'CAJAMARCA', '73124', '2017-01-21 23:28:52', '2017-01-21 23:28:52');
INSERT INTO `ciudad` VALUES ('145', 'CAJIBIO', '19130', '2017-01-21 23:28:52', '2017-01-21 23:28:52');
INSERT INTO `ciudad` VALUES ('146', 'CAJICA', '25126', '2017-01-21 23:28:52', '2017-01-21 23:28:52');
INSERT INTO `ciudad` VALUES ('147', 'CALAMAR', '13140', '2017-01-21 23:28:52', '2017-01-21 23:28:52');
INSERT INTO `ciudad` VALUES ('148', 'CALAMAR', '95015', '2017-01-21 23:28:52', '2017-01-21 23:28:52');
INSERT INTO `ciudad` VALUES ('149', 'CALARCA', '63130', '2017-01-21 23:28:52', '2017-01-21 23:28:52');
INSERT INTO `ciudad` VALUES ('150', 'CALDAS', '5129', '2017-01-21 23:28:52', '2017-01-21 23:28:52');
INSERT INTO `ciudad` VALUES ('151', 'CALDAS', '15131', '2017-01-21 23:28:52', '2017-01-21 23:28:52');
INSERT INTO `ciudad` VALUES ('152', 'CALDONO', '19137', '2017-01-21 23:28:52', '2017-01-21 23:28:52');
INSERT INTO `ciudad` VALUES ('153', 'CALI', '76001', '2017-01-21 23:28:52', '2017-01-21 23:28:52');
INSERT INTO `ciudad` VALUES ('154', 'CALIFORNIA', '68132', '2017-01-21 23:28:52', '2017-01-21 23:28:52');
INSERT INTO `ciudad` VALUES ('155', 'CALIMA', '76126', '2017-01-21 23:28:52', '2017-01-21 23:28:52');
INSERT INTO `ciudad` VALUES ('156', 'CALOTO', '19142', '2017-01-21 23:28:52', '2017-01-21 23:28:52');
INSERT INTO `ciudad` VALUES ('157', 'CAMPAMENTO', '5134', '2017-01-21 23:28:52', '2017-01-21 23:28:52');
INSERT INTO `ciudad` VALUES ('158', 'CAMPO DE LA CRUZ', '8137', '2017-01-21 23:28:52', '2017-01-21 23:28:52');
INSERT INTO `ciudad` VALUES ('159', 'CAMPOALEGRE', '41132', '2017-01-21 23:28:52', '2017-01-21 23:28:52');
INSERT INTO `ciudad` VALUES ('160', 'CAMPOHERMOSO', '15135', '2017-01-21 23:28:52', '2017-01-21 23:28:52');
INSERT INTO `ciudad` VALUES ('161', 'CANALETE', '23090', '2017-01-21 23:28:52', '2017-01-21 23:28:52');
INSERT INTO `ciudad` VALUES ('162', 'CANASGORDAS', '5138', '2017-01-21 23:28:52', '2017-01-21 23:28:52');
INSERT INTO `ciudad` VALUES ('163', 'CANDELARIA', '8141', '2017-01-21 23:28:52', '2017-01-21 23:28:52');
INSERT INTO `ciudad` VALUES ('164', 'CANDELARIA', '76130', '2017-01-21 23:28:52', '2017-01-21 23:28:52');
INSERT INTO `ciudad` VALUES ('165', 'CANTAGALLO', '13160', '2017-01-21 23:28:52', '2017-01-21 23:28:52');
INSERT INTO `ciudad` VALUES ('166', 'CAPARRAPI', '25148', '2017-01-21 23:28:52', '2017-01-21 23:28:52');
INSERT INTO `ciudad` VALUES ('167', 'CAPITANEJO', '68147', '2017-01-21 23:28:52', '2017-01-21 23:28:52');
INSERT INTO `ciudad` VALUES ('168', 'CAQUEZA', '25151', '2017-01-21 23:28:52', '2017-01-21 23:28:52');
INSERT INTO `ciudad` VALUES ('169', 'CARACOLI', '5142', '2017-01-21 23:28:52', '2017-01-21 23:28:52');
INSERT INTO `ciudad` VALUES ('170', 'CARAMANTA', '5145', '2017-01-21 23:28:52', '2017-01-21 23:28:52');
INSERT INTO `ciudad` VALUES ('171', 'CARCASI', '68152', '2017-01-21 23:28:52', '2017-01-21 23:28:52');
INSERT INTO `ciudad` VALUES ('172', 'CAREPA', '5147', '2017-01-21 23:28:52', '2017-01-21 23:28:52');
INSERT INTO `ciudad` VALUES ('173', 'CARMEN DE APICALA', '73148', '2017-01-21 23:28:52', '2017-01-21 23:28:52');
INSERT INTO `ciudad` VALUES ('174', 'CARMEN DE CARUPA', '25154', '2017-01-21 23:28:52', '2017-01-21 23:28:52');
INSERT INTO `ciudad` VALUES ('175', 'CARMEN DEL DARIEN', '27150', '2017-01-21 23:28:52', '2017-01-21 23:28:52');
INSERT INTO `ciudad` VALUES ('176', 'CAROLINA', '5150', '2017-01-21 23:28:52', '2017-01-21 23:28:52');
INSERT INTO `ciudad` VALUES ('177', 'CARTAGENA', '13001', '2017-01-21 23:28:52', '2017-01-21 23:28:52');
INSERT INTO `ciudad` VALUES ('178', 'CARTAGENA DEL CHAIRA', '18150', '2017-01-21 23:28:52', '2017-01-21 23:28:52');
INSERT INTO `ciudad` VALUES ('179', 'CARTAGO', '76147', '2017-01-21 23:28:52', '2017-01-21 23:28:52');
INSERT INTO `ciudad` VALUES ('180', 'CARURU', '97161', '2017-01-21 23:28:52', '2017-01-21 23:28:52');
INSERT INTO `ciudad` VALUES ('181', 'CASABIANCA', '73152', '2017-01-21 23:28:52', '2017-01-21 23:28:52');
INSERT INTO `ciudad` VALUES ('182', 'CASTILLA LA NUEVA', '50150', '2017-01-21 23:28:52', '2017-01-21 23:28:52');
INSERT INTO `ciudad` VALUES ('183', 'CAUCASIA', '5154', '2017-01-21 23:28:52', '2017-01-21 23:28:52');
INSERT INTO `ciudad` VALUES ('184', 'CEPITA', '68160', '2017-01-21 23:28:52', '2017-01-21 23:28:52');
INSERT INTO `ciudad` VALUES ('185', 'CERETE', '23162', '2017-01-21 23:28:52', '2017-01-21 23:28:52');
INSERT INTO `ciudad` VALUES ('186', 'CERINZA', '15162', '2017-01-21 23:28:52', '2017-01-21 23:28:52');
INSERT INTO `ciudad` VALUES ('187', 'CERRITO', '68162', '2017-01-21 23:28:52', '2017-01-21 23:28:52');
INSERT INTO `ciudad` VALUES ('188', 'CERRO SAN ANTONIO', '47161', '2017-01-21 23:28:52', '2017-01-21 23:28:52');
INSERT INTO `ciudad` VALUES ('189', 'CERTEGUI', '27160', '2017-01-21 23:28:52', '2017-01-21 23:28:52');
INSERT INTO `ciudad` VALUES ('190', 'CHACHAGUI', '52240', '2017-01-21 23:28:52', '2017-01-21 23:28:52');
INSERT INTO `ciudad` VALUES ('191', 'CHAGUANI', '25168', '2017-01-21 23:28:52', '2017-01-21 23:28:52');
INSERT INTO `ciudad` VALUES ('192', 'CHALAN', '70230', '2017-01-21 23:28:52', '2017-01-21 23:28:52');
INSERT INTO `ciudad` VALUES ('193', 'CHAMEZA', '85015', '2017-01-21 23:28:52', '2017-01-21 23:28:52');
INSERT INTO `ciudad` VALUES ('194', 'CHAPARRAL', '73168', '2017-01-21 23:28:52', '2017-01-21 23:28:52');
INSERT INTO `ciudad` VALUES ('195', 'CHARALA', '68167', '2017-01-21 23:28:52', '2017-01-21 23:28:52');
INSERT INTO `ciudad` VALUES ('196', 'CHARTA', '68169', '2017-01-21 23:28:52', '2017-01-21 23:28:52');
INSERT INTO `ciudad` VALUES ('197', 'CHIA', '25175', '2017-01-21 23:28:52', '2017-01-21 23:28:52');
INSERT INTO `ciudad` VALUES ('198', 'CHIGORODO', '5172', '2017-01-21 23:28:52', '2017-01-21 23:28:52');
INSERT INTO `ciudad` VALUES ('199', 'CHIMA', '23168', '2017-01-21 23:28:52', '2017-01-21 23:28:52');
INSERT INTO `ciudad` VALUES ('200', 'CHIMA', '68176', '2017-01-21 23:28:52', '2017-01-21 23:28:52');
INSERT INTO `ciudad` VALUES ('201', 'CHIMICHAGUA', '20175', '2017-01-21 23:28:52', '2017-01-21 23:28:52');
INSERT INTO `ciudad` VALUES ('202', 'CHINACOTA', '54172', '2017-01-21 23:28:52', '2017-01-21 23:28:52');
INSERT INTO `ciudad` VALUES ('203', 'CHINAVITA', '15172', '2017-01-21 23:28:52', '2017-01-21 23:28:52');
INSERT INTO `ciudad` VALUES ('204', 'CHINCHINA', '17174', '2017-01-21 23:28:52', '2017-01-21 23:28:52');
INSERT INTO `ciudad` VALUES ('205', 'CHINU', '23182', '2017-01-21 23:28:52', '2017-01-21 23:28:52');
INSERT INTO `ciudad` VALUES ('206', 'CHIPAQUE', '25178', '2017-01-21 23:28:52', '2017-01-21 23:28:52');
INSERT INTO `ciudad` VALUES ('207', 'CHIPATA', '68179', '2017-01-21 23:28:52', '2017-01-21 23:28:52');
INSERT INTO `ciudad` VALUES ('208', 'CHIQUINQUIRA', '15176', '2017-01-21 23:28:52', '2017-01-21 23:28:52');
INSERT INTO `ciudad` VALUES ('209', 'CHIQUIZA', '15232', '2017-01-21 23:28:52', '2017-01-21 23:28:52');
INSERT INTO `ciudad` VALUES ('210', 'CHIRIGUANA', '20178', '2017-01-21 23:28:52', '2017-01-21 23:28:52');
INSERT INTO `ciudad` VALUES ('211', 'CHISCAS', '15180', '2017-01-21 23:28:52', '2017-01-21 23:28:52');
INSERT INTO `ciudad` VALUES ('212', 'CHITA', '15183', '2017-01-21 23:28:52', '2017-01-21 23:28:52');
INSERT INTO `ciudad` VALUES ('213', 'CHITAGA', '54174', '2017-01-21 23:28:52', '2017-01-21 23:28:52');
INSERT INTO `ciudad` VALUES ('214', 'CHITARAQUE', '15185', '2017-01-21 23:28:52', '2017-01-21 23:28:52');
INSERT INTO `ciudad` VALUES ('215', 'CHIVATA', '15187', '2017-01-21 23:28:52', '2017-01-21 23:28:52');
INSERT INTO `ciudad` VALUES ('216', 'CHIVOLO', '47170', '2017-01-21 23:28:52', '2017-01-21 23:28:52');
INSERT INTO `ciudad` VALUES ('217', 'CHIVOR', '15236', '2017-01-21 23:28:52', '2017-01-21 23:28:52');
INSERT INTO `ciudad` VALUES ('218', 'CHOACHI', '25181', '2017-01-21 23:28:52', '2017-01-21 23:28:52');
INSERT INTO `ciudad` VALUES ('219', 'CHOCONTA', '25183', '2017-01-21 23:28:52', '2017-01-21 23:28:52');
INSERT INTO `ciudad` VALUES ('220', 'CICUCO', '13188', '2017-01-21 23:28:52', '2017-01-21 23:28:52');
INSERT INTO `ciudad` VALUES ('221', 'CIENAGA', '47189', '2017-01-21 23:28:52', '2017-01-21 23:28:52');
INSERT INTO `ciudad` VALUES ('222', 'CIENAGA DE ORO', '23189', '2017-01-21 23:28:52', '2017-01-21 23:28:52');
INSERT INTO `ciudad` VALUES ('223', 'CIENEGA', '15189', '2017-01-21 23:28:52', '2017-01-21 23:28:52');
INSERT INTO `ciudad` VALUES ('224', 'CIMITARRA', '68190', '2017-01-21 23:28:52', '2017-01-21 23:28:52');
INSERT INTO `ciudad` VALUES ('225', 'CIRCASIA', '63190', '2017-01-21 23:28:52', '2017-01-21 23:28:52');
INSERT INTO `ciudad` VALUES ('226', 'CISNEROS', '5190', '2017-01-21 23:28:52', '2017-01-21 23:28:52');
INSERT INTO `ciudad` VALUES ('227', 'CIUDAD BOLIVAR', '5101', '2017-01-21 23:28:52', '2017-01-21 23:28:52');
INSERT INTO `ciudad` VALUES ('228', 'CLEMENCIA', '13222', '2017-01-21 23:28:52', '2017-01-21 23:28:52');
INSERT INTO `ciudad` VALUES ('229', 'COCORNA', '5197', '2017-01-21 23:28:52', '2017-01-21 23:28:52');
INSERT INTO `ciudad` VALUES ('230', 'COELLO', '73200', '2017-01-21 23:28:52', '2017-01-21 23:28:52');
INSERT INTO `ciudad` VALUES ('231', 'COGUA', '25200', '2017-01-21 23:28:52', '2017-01-21 23:28:52');
INSERT INTO `ciudad` VALUES ('232', 'COLOMBIA', '41206', '2017-01-21 23:28:52', '2017-01-21 23:28:52');
INSERT INTO `ciudad` VALUES ('233', 'COLON', '52203', '2017-01-21 23:28:52', '2017-01-21 23:28:52');
INSERT INTO `ciudad` VALUES ('234', 'COLON', '86219', '2017-01-21 23:28:52', '2017-01-21 23:28:52');
INSERT INTO `ciudad` VALUES ('235', 'COLOSO', '70204', '2017-01-21 23:28:52', '2017-01-21 23:28:52');
INSERT INTO `ciudad` VALUES ('236', 'COMBITA', '15204', '2017-01-21 23:28:52', '2017-01-21 23:28:52');
INSERT INTO `ciudad` VALUES ('237', 'CONCEPCION', '5206', '2017-01-21 23:28:52', '2017-01-21 23:28:52');
INSERT INTO `ciudad` VALUES ('238', 'CONCEPCION', '68207', '2017-01-21 23:28:52', '2017-01-21 23:28:52');
INSERT INTO `ciudad` VALUES ('239', 'CONCORDIA', '5209', '2017-01-21 23:28:52', '2017-01-21 23:28:52');
INSERT INTO `ciudad` VALUES ('240', 'CONCORDIA', '47205', '2017-01-21 23:28:52', '2017-01-21 23:28:52');
INSERT INTO `ciudad` VALUES ('241', 'CONDOTO', '27205', '2017-01-21 23:28:52', '2017-01-21 23:28:52');
INSERT INTO `ciudad` VALUES ('242', 'CONFINES', '68209', '2017-01-21 23:28:52', '2017-01-21 23:28:52');
INSERT INTO `ciudad` VALUES ('243', 'CONSACA', '52207', '2017-01-21 23:28:52', '2017-01-21 23:28:52');
INSERT INTO `ciudad` VALUES ('244', 'CONTADERO', '52210', '2017-01-21 23:28:52', '2017-01-21 23:28:52');
INSERT INTO `ciudad` VALUES ('245', 'CONTRATACION', '68211', '2017-01-21 23:28:52', '2017-01-21 23:28:52');
INSERT INTO `ciudad` VALUES ('246', 'CONVENCION', '54206', '2017-01-21 23:28:52', '2017-01-21 23:28:52');
INSERT INTO `ciudad` VALUES ('247', 'COPACABANA', '5212', '2017-01-21 23:28:52', '2017-01-21 23:28:52');
INSERT INTO `ciudad` VALUES ('248', 'COPER', '15212', '2017-01-21 23:28:52', '2017-01-21 23:28:52');
INSERT INTO `ciudad` VALUES ('249', 'CORDOBA', '13212', '2017-01-21 23:28:52', '2017-01-21 23:28:52');
INSERT INTO `ciudad` VALUES ('250', 'CORDOBA', '52215', '2017-01-21 23:28:52', '2017-01-21 23:28:52');
INSERT INTO `ciudad` VALUES ('251', 'CORDOBA', '63212', '2017-01-21 23:28:52', '2017-01-21 23:28:52');
INSERT INTO `ciudad` VALUES ('252', 'CORINTO', '19212', '2017-01-21 23:28:52', '2017-01-21 23:28:52');
INSERT INTO `ciudad` VALUES ('253', 'COROMORO', '68217', '2017-01-21 23:28:52', '2017-01-21 23:28:52');
INSERT INTO `ciudad` VALUES ('254', 'COROZAL', '70215', '2017-01-21 23:28:52', '2017-01-21 23:28:52');
INSERT INTO `ciudad` VALUES ('255', 'CORRALES', '15215', '2017-01-21 23:28:52', '2017-01-21 23:28:52');
INSERT INTO `ciudad` VALUES ('256', 'COTA', '25214', '2017-01-21 23:28:52', '2017-01-21 23:28:52');
INSERT INTO `ciudad` VALUES ('257', 'COTORRA', '23300', '2017-01-21 23:28:52', '2017-01-21 23:28:52');
INSERT INTO `ciudad` VALUES ('258', 'COVARACHIA', '15218', '2017-01-21 23:28:52', '2017-01-21 23:28:52');
INSERT INTO `ciudad` VALUES ('259', 'COVE', '70221', '2017-01-21 23:28:52', '2017-01-21 23:28:52');
INSERT INTO `ciudad` VALUES ('260', 'COYAIMA', '73217', '2017-01-21 23:28:52', '2017-01-21 23:28:52');
INSERT INTO `ciudad` VALUES ('261', 'CRAVO NORTE', '81220', '2017-01-21 23:28:52', '2017-01-21 23:28:52');
INSERT INTO `ciudad` VALUES ('262', 'CUASPUD', '52224', '2017-01-21 23:28:52', '2017-01-21 23:28:52');
INSERT INTO `ciudad` VALUES ('263', 'CUBARA', '15223', '2017-01-21 23:28:52', '2017-01-21 23:28:52');
INSERT INTO `ciudad` VALUES ('264', 'CUBARRAL', '50223', '2017-01-21 23:28:52', '2017-01-21 23:28:52');
INSERT INTO `ciudad` VALUES ('265', 'CUCAITA', '15224', '2017-01-21 23:28:52', '2017-01-21 23:28:52');
INSERT INTO `ciudad` VALUES ('266', 'CUCUNUBA', '25224', '2017-01-21 23:28:52', '2017-01-21 23:28:52');
INSERT INTO `ciudad` VALUES ('267', 'CUCUTA', '54001', '2017-01-21 23:28:52', '2017-01-21 23:28:52');
INSERT INTO `ciudad` VALUES ('268', 'CUCUTILLA', '54223', '2017-01-21 23:28:52', '2017-01-21 23:28:52');
INSERT INTO `ciudad` VALUES ('269', 'CUITIVA', '15226', '2017-01-21 23:28:52', '2017-01-21 23:28:52');
INSERT INTO `ciudad` VALUES ('270', 'CUMARAL', '50226', '2017-01-21 23:28:52', '2017-01-21 23:28:52');
INSERT INTO `ciudad` VALUES ('271', 'CUMARIBO', '99773', '2017-01-21 23:28:52', '2017-01-21 23:28:52');
INSERT INTO `ciudad` VALUES ('272', 'CUMBAL', '52227', '2017-01-21 23:28:52', '2017-01-21 23:28:52');
INSERT INTO `ciudad` VALUES ('273', 'CUMBITARA', '52233', '2017-01-21 23:28:52', '2017-01-21 23:28:52');
INSERT INTO `ciudad` VALUES ('274', 'CUNDAY', '73226', '2017-01-21 23:28:52', '2017-01-21 23:28:52');
INSERT INTO `ciudad` VALUES ('275', 'CURILLO', '18205', '2017-01-21 23:28:52', '2017-01-21 23:28:52');
INSERT INTO `ciudad` VALUES ('276', 'CURITI', '68229', '2017-01-21 23:28:52', '2017-01-21 23:28:52');
INSERT INTO `ciudad` VALUES ('277', 'CURUMANI', '20228', '2017-01-21 23:28:52', '2017-01-21 23:28:52');
INSERT INTO `ciudad` VALUES ('278', 'DABEIBA', '5234', '2017-01-21 23:28:52', '2017-01-21 23:28:52');
INSERT INTO `ciudad` VALUES ('279', 'DAGUA', '76233', '2017-01-21 23:28:52', '2017-01-21 23:28:52');
INSERT INTO `ciudad` VALUES ('280', 'DIBULLA', '44090', '2017-01-21 23:28:52', '2017-01-21 23:28:52');
INSERT INTO `ciudad` VALUES ('281', 'DISTRACCION', '44098', '2017-01-21 23:28:52', '2017-01-21 23:28:52');
INSERT INTO `ciudad` VALUES ('282', 'DOLORES', '73236', '2017-01-21 23:28:52', '2017-01-21 23:28:52');
INSERT INTO `ciudad` VALUES ('283', 'DON MATIAS', '5237', '2017-01-21 23:28:52', '2017-01-21 23:28:52');
INSERT INTO `ciudad` VALUES ('284', 'DOSQUEBRADAS', '66170', '2017-01-21 23:28:52', '2017-01-21 23:28:52');
INSERT INTO `ciudad` VALUES ('285', 'DUITAMA', '15238', '2017-01-21 23:28:52', '2017-01-21 23:28:52');
INSERT INTO `ciudad` VALUES ('286', 'DURANIA', '54239', '2017-01-21 23:28:52', '2017-01-21 23:28:52');
INSERT INTO `ciudad` VALUES ('287', 'EBEJICO', '5240', '2017-01-21 23:28:52', '2017-01-21 23:28:52');
INSERT INTO `ciudad` VALUES ('288', 'EL AGUILA', '76243', '2017-01-21 23:28:52', '2017-01-21 23:28:52');
INSERT INTO `ciudad` VALUES ('289', 'EL BAGRE', '5250', '2017-01-21 23:28:52', '2017-01-21 23:28:52');
INSERT INTO `ciudad` VALUES ('290', 'EL BANCO', '47245', '2017-01-21 23:28:52', '2017-01-21 23:28:52');
INSERT INTO `ciudad` VALUES ('291', 'EL CAIRO', '76246', '2017-01-21 23:28:52', '2017-01-21 23:28:52');
INSERT INTO `ciudad` VALUES ('292', 'EL CALVARIO', '50245', '2017-01-21 23:28:52', '2017-01-21 23:28:52');
INSERT INTO `ciudad` VALUES ('293', 'EL CANTON DEL SAN PABLO', '27135', '2017-01-21 23:28:52', '2017-01-21 23:28:52');
INSERT INTO `ciudad` VALUES ('294', 'EL CARMEN', '54245', '2017-01-21 23:28:52', '2017-01-21 23:28:52');
INSERT INTO `ciudad` VALUES ('295', 'EL CARMEN DE ATRATO', '27245', '2017-01-21 23:28:52', '2017-01-21 23:28:52');
INSERT INTO `ciudad` VALUES ('296', 'EL CARMEN DE BOLIVAR', '13244', '2017-01-21 23:28:52', '2017-01-21 23:28:52');
INSERT INTO `ciudad` VALUES ('297', 'EL CARMEN DE CHUCURI', '68235', '2017-01-21 23:28:52', '2017-01-21 23:28:52');
INSERT INTO `ciudad` VALUES ('298', 'EL CARMEN DE VIBORAL', '5148', '2017-01-21 23:28:52', '2017-01-21 23:28:52');
INSERT INTO `ciudad` VALUES ('299', 'EL CASTILLO', '50251', '2017-01-21 23:28:52', '2017-01-21 23:28:52');
INSERT INTO `ciudad` VALUES ('300', 'EL CERRITO', '76248', '2017-01-21 23:28:52', '2017-01-21 23:28:52');
INSERT INTO `ciudad` VALUES ('301', 'EL CHARCO', '52250', '2017-01-21 23:28:52', '2017-01-21 23:28:52');
INSERT INTO `ciudad` VALUES ('302', 'EL COCUY', '15244', '2017-01-21 23:28:52', '2017-01-21 23:28:52');
INSERT INTO `ciudad` VALUES ('303', 'EL COLEGIO', '25245', '2017-01-21 23:28:52', '2017-01-21 23:28:52');
INSERT INTO `ciudad` VALUES ('304', 'EL COPEY', '20238', '2017-01-21 23:28:52', '2017-01-21 23:28:52');
INSERT INTO `ciudad` VALUES ('305', 'EL DONCELLO', '18247', '2017-01-21 23:28:52', '2017-01-21 23:28:52');
INSERT INTO `ciudad` VALUES ('306', 'EL DORADO', '50270', '2017-01-21 23:28:52', '2017-01-21 23:28:52');
INSERT INTO `ciudad` VALUES ('307', 'EL DOVIO', '76250', '2017-01-21 23:28:52', '2017-01-21 23:28:52');
INSERT INTO `ciudad` VALUES ('308', 'EL ENCANTO', '91263', '2017-01-21 23:28:52', '2017-01-21 23:28:52');
INSERT INTO `ciudad` VALUES ('309', 'EL ESPINO', '15248', '2017-01-21 23:28:52', '2017-01-21 23:28:52');
INSERT INTO `ciudad` VALUES ('310', 'EL GUACAMAYO', '68245', '2017-01-21 23:28:52', '2017-01-21 23:28:52');
INSERT INTO `ciudad` VALUES ('311', 'EL GUAMO', '13248', '2017-01-21 23:28:52', '2017-01-21 23:28:52');
INSERT INTO `ciudad` VALUES ('312', 'EL LITORAL DEL SAN JUAN', '27250', '2017-01-21 23:28:52', '2017-01-21 23:28:52');
INSERT INTO `ciudad` VALUES ('313', 'EL MOLINO', '44110', '2017-01-21 23:28:52', '2017-01-21 23:28:52');
INSERT INTO `ciudad` VALUES ('314', 'EL PASO', '20250', '2017-01-21 23:28:52', '2017-01-21 23:28:52');
INSERT INTO `ciudad` VALUES ('315', 'EL PAUJIL', '18256', '2017-01-21 23:28:52', '2017-01-21 23:28:52');
INSERT INTO `ciudad` VALUES ('316', 'EL PENOL', '52254', '2017-01-21 23:28:52', '2017-01-21 23:28:52');
INSERT INTO `ciudad` VALUES ('317', 'EL PENON', '13268', '2017-01-21 23:28:52', '2017-01-21 23:28:52');
INSERT INTO `ciudad` VALUES ('318', 'EL PENON', '25258', '2017-01-21 23:28:52', '2017-01-21 23:28:52');
INSERT INTO `ciudad` VALUES ('319', 'EL PENON', '68250', '2017-01-21 23:28:52', '2017-01-21 23:28:52');
INSERT INTO `ciudad` VALUES ('320', 'EL PINON', '47258', '2017-01-21 23:28:52', '2017-01-21 23:28:52');
INSERT INTO `ciudad` VALUES ('321', 'EL PLAYON', '68255', '2017-01-21 23:28:52', '2017-01-21 23:28:52');
INSERT INTO `ciudad` VALUES ('322', 'EL RETEN', '47268', '2017-01-21 23:28:52', '2017-01-21 23:28:52');
INSERT INTO `ciudad` VALUES ('323', 'EL RETORNO', '95025', '2017-01-21 23:28:52', '2017-01-21 23:28:52');
INSERT INTO `ciudad` VALUES ('324', 'EL ROBLE', '70233', '2017-01-21 23:28:52', '2017-01-21 23:28:52');
INSERT INTO `ciudad` VALUES ('325', 'EL ROSAL', '25260', '2017-01-21 23:28:52', '2017-01-21 23:28:52');
INSERT INTO `ciudad` VALUES ('326', 'EL ROSARIO', '52256', '2017-01-21 23:28:52', '2017-01-21 23:28:52');
INSERT INTO `ciudad` VALUES ('327', 'EL SANTUARIO', '5697', '2017-01-21 23:28:52', '2017-01-21 23:28:52');
INSERT INTO `ciudad` VALUES ('328', 'EL TABLON DE GOMEZ', '52258', '2017-01-21 23:28:52', '2017-01-21 23:28:52');
INSERT INTO `ciudad` VALUES ('329', 'EL TAMBO', '19256', '2017-01-21 23:28:52', '2017-01-21 23:28:52');
INSERT INTO `ciudad` VALUES ('330', 'EL TAMBO', '52260', '2017-01-21 23:28:52', '2017-01-21 23:28:52');
INSERT INTO `ciudad` VALUES ('331', 'EL TARRA', '54250', '2017-01-21 23:28:52', '2017-01-21 23:28:52');
INSERT INTO `ciudad` VALUES ('332', 'EL ZULIA', '54261', '2017-01-21 23:28:52', '2017-01-21 23:28:52');
INSERT INTO `ciudad` VALUES ('333', 'ELIAS', '41244', '2017-01-21 23:28:52', '2017-01-21 23:28:52');
INSERT INTO `ciudad` VALUES ('334', 'ENCINO', '68264', '2017-01-21 23:28:52', '2017-01-21 23:28:52');
INSERT INTO `ciudad` VALUES ('335', 'ENCISO', '68266', '2017-01-21 23:28:52', '2017-01-21 23:28:52');
INSERT INTO `ciudad` VALUES ('336', 'ENTRERRIOS', '5264', '2017-01-21 23:28:52', '2017-01-21 23:28:52');
INSERT INTO `ciudad` VALUES ('337', 'ENVIGADO', '5266', '2017-01-21 23:28:52', '2017-01-21 23:28:52');
INSERT INTO `ciudad` VALUES ('338', 'ESPINAL', '73268', '2017-01-21 23:28:52', '2017-01-21 23:28:52');
INSERT INTO `ciudad` VALUES ('339', 'FACATATIVA', '25269', '2017-01-21 23:28:52', '2017-01-21 23:28:52');
INSERT INTO `ciudad` VALUES ('340', 'FALAN', '73270', '2017-01-21 23:28:52', '2017-01-21 23:28:52');
INSERT INTO `ciudad` VALUES ('341', 'FILADELFIA', '17272', '2017-01-21 23:28:52', '2017-01-21 23:28:52');
INSERT INTO `ciudad` VALUES ('342', 'FILANDIA', '63272', '2017-01-21 23:28:52', '2017-01-21 23:28:52');
INSERT INTO `ciudad` VALUES ('343', 'FIRAVITOBA', '15272', '2017-01-21 23:28:52', '2017-01-21 23:28:52');
INSERT INTO `ciudad` VALUES ('344', 'FLANDES', '73275', '2017-01-21 23:28:52', '2017-01-21 23:28:52');
INSERT INTO `ciudad` VALUES ('345', 'FLORENCIA', '18001', '2017-01-21 23:28:52', '2017-01-21 23:28:52');
INSERT INTO `ciudad` VALUES ('346', 'FLORENCIA', '19290', '2017-01-21 23:28:52', '2017-01-21 23:28:52');
INSERT INTO `ciudad` VALUES ('347', 'FLORESTA', '15276', '2017-01-21 23:28:52', '2017-01-21 23:28:52');
INSERT INTO `ciudad` VALUES ('348', 'FLORIAN', '68271', '2017-01-21 23:28:52', '2017-01-21 23:28:52');
INSERT INTO `ciudad` VALUES ('349', 'FLORIDA', '76275', '2017-01-21 23:28:52', '2017-01-21 23:28:52');
INSERT INTO `ciudad` VALUES ('350', 'FLORIDABLANCA', '68276', '2017-01-21 23:28:52', '2017-01-21 23:28:52');
INSERT INTO `ciudad` VALUES ('351', 'FOMEQUE', '25279', '2017-01-21 23:28:52', '2017-01-21 23:28:52');
INSERT INTO `ciudad` VALUES ('352', 'FONSECA', '44279', '2017-01-21 23:28:52', '2017-01-21 23:28:52');
INSERT INTO `ciudad` VALUES ('353', 'FORTUL', '81300', '2017-01-21 23:28:52', '2017-01-21 23:28:52');
INSERT INTO `ciudad` VALUES ('354', 'FOSCA', '25281', '2017-01-21 23:28:52', '2017-01-21 23:28:52');
INSERT INTO `ciudad` VALUES ('355', 'FRANCISCO PIZARRO', '52520', '2017-01-21 23:28:52', '2017-01-21 23:28:52');
INSERT INTO `ciudad` VALUES ('356', 'FREDONIA', '5282', '2017-01-21 23:28:52', '2017-01-21 23:28:52');
INSERT INTO `ciudad` VALUES ('357', 'FRESNO', '73283', '2017-01-21 23:28:52', '2017-01-21 23:28:52');
INSERT INTO `ciudad` VALUES ('358', 'FRONTINO', '5284', '2017-01-21 23:28:52', '2017-01-21 23:28:52');
INSERT INTO `ciudad` VALUES ('359', 'FUENTE DE ORO', '50287', '2017-01-21 23:28:52', '2017-01-21 23:28:52');
INSERT INTO `ciudad` VALUES ('360', 'FUNDACION', '47288', '2017-01-21 23:28:52', '2017-01-21 23:28:52');
INSERT INTO `ciudad` VALUES ('361', 'FUNES', '52287', '2017-01-21 23:28:52', '2017-01-21 23:28:52');
INSERT INTO `ciudad` VALUES ('362', 'FUNZA', '25286', '2017-01-21 23:28:52', '2017-01-21 23:28:52');
INSERT INTO `ciudad` VALUES ('363', 'FUQUENE', '25288', '2017-01-21 23:28:52', '2017-01-21 23:28:52');
INSERT INTO `ciudad` VALUES ('364', 'FUSAGASUGA', '25290', '2017-01-21 23:28:52', '2017-01-21 23:28:52');
INSERT INTO `ciudad` VALUES ('365', 'GACHALA', '25293', '2017-01-21 23:28:52', '2017-01-21 23:28:52');
INSERT INTO `ciudad` VALUES ('366', 'GACHANCIPA', '25295', '2017-01-21 23:28:52', '2017-01-21 23:28:52');
INSERT INTO `ciudad` VALUES ('367', 'GACHANTIVA', '15293', '2017-01-21 23:28:52', '2017-01-21 23:28:52');
INSERT INTO `ciudad` VALUES ('368', 'GACHETA', '25297', '2017-01-21 23:28:52', '2017-01-21 23:28:52');
INSERT INTO `ciudad` VALUES ('369', 'GALAN', '68296', '2017-01-21 23:28:52', '2017-01-21 23:28:52');
INSERT INTO `ciudad` VALUES ('370', 'GALAPA', '8296', '2017-01-21 23:28:52', '2017-01-21 23:28:52');
INSERT INTO `ciudad` VALUES ('371', 'GALERAS', '70235', '2017-01-21 23:28:52', '2017-01-21 23:28:52');
INSERT INTO `ciudad` VALUES ('372', 'GAMA', '25299', '2017-01-21 23:28:52', '2017-01-21 23:28:52');
INSERT INTO `ciudad` VALUES ('373', 'GAMARRA', '20295', '2017-01-21 23:28:52', '2017-01-21 23:28:52');
INSERT INTO `ciudad` VALUES ('374', 'GAMBITA', '68298', '2017-01-21 23:28:52', '2017-01-21 23:28:52');
INSERT INTO `ciudad` VALUES ('375', 'GAMEZA', '15296', '2017-01-21 23:28:52', '2017-01-21 23:28:52');
INSERT INTO `ciudad` VALUES ('376', 'GARAGOA', '15299', '2017-01-21 23:28:52', '2017-01-21 23:28:52');
INSERT INTO `ciudad` VALUES ('377', 'GARZON', '41298', '2017-01-21 23:28:52', '2017-01-21 23:28:52');
INSERT INTO `ciudad` VALUES ('378', 'GENOVA', '63302', '2017-01-21 23:28:52', '2017-01-21 23:28:52');
INSERT INTO `ciudad` VALUES ('379', 'GIGANTE', '41306', '2017-01-21 23:28:52', '2017-01-21 23:28:52');
INSERT INTO `ciudad` VALUES ('380', 'GINEBRA', '76306', '2017-01-21 23:28:52', '2017-01-21 23:28:52');
INSERT INTO `ciudad` VALUES ('381', 'GIRALDO', '5306', '2017-01-21 23:28:52', '2017-01-21 23:28:52');
INSERT INTO `ciudad` VALUES ('382', 'GIRARDOT', '25307', '2017-01-21 23:28:52', '2017-01-21 23:28:52');
INSERT INTO `ciudad` VALUES ('383', 'GIRARDOTA', '5308', '2017-01-21 23:28:52', '2017-01-21 23:28:52');
INSERT INTO `ciudad` VALUES ('384', 'GIRON', '68307', '2017-01-21 23:28:52', '2017-01-21 23:28:52');
INSERT INTO `ciudad` VALUES ('385', 'GOMEZ PLATA', '5310', '2017-01-21 23:28:52', '2017-01-21 23:28:52');
INSERT INTO `ciudad` VALUES ('386', 'GONZALEZ', '20310', '2017-01-21 23:28:52', '2017-01-21 23:28:52');
INSERT INTO `ciudad` VALUES ('387', 'GRAMALOTE', '54313', '2017-01-21 23:28:52', '2017-01-21 23:28:52');
INSERT INTO `ciudad` VALUES ('388', 'GRANADA', '5313', '2017-01-21 23:28:52', '2017-01-21 23:28:52');
INSERT INTO `ciudad` VALUES ('389', 'GRANADA', '25312', '2017-01-21 23:28:52', '2017-01-21 23:28:52');
INSERT INTO `ciudad` VALUES ('390', 'GRANADA', '50313', '2017-01-21 23:28:52', '2017-01-21 23:28:52');
INSERT INTO `ciudad` VALUES ('391', 'GU?ICAN', '15332', '2017-01-21 23:28:52', '2017-01-21 23:28:52');
INSERT INTO `ciudad` VALUES ('392', 'GUACA', '68318', '2017-01-21 23:28:52', '2017-01-21 23:28:52');
INSERT INTO `ciudad` VALUES ('393', 'GUACAMAYAS', '15317', '2017-01-21 23:28:52', '2017-01-21 23:28:52');
INSERT INTO `ciudad` VALUES ('394', 'GUACARI', '76318', '2017-01-21 23:28:52', '2017-01-21 23:28:52');
INSERT INTO `ciudad` VALUES ('395', 'GUACHETA', '25317', '2017-01-21 23:28:52', '2017-01-21 23:28:52');
INSERT INTO `ciudad` VALUES ('396', 'GUACHUCAL', '52317', '2017-01-21 23:28:52', '2017-01-21 23:28:52');
INSERT INTO `ciudad` VALUES ('397', 'GUADALAJARA DE BUGA', '76111', '2017-01-21 23:28:52', '2017-01-21 23:28:52');
INSERT INTO `ciudad` VALUES ('398', 'GUADALUPE', '5315', '2017-01-21 23:28:52', '2017-01-21 23:28:52');
INSERT INTO `ciudad` VALUES ('399', 'GUADALUPE', '41319', '2017-01-21 23:28:52', '2017-01-21 23:28:52');
INSERT INTO `ciudad` VALUES ('400', 'GUADALUPE', '68320', '2017-01-21 23:28:52', '2017-01-21 23:28:52');
INSERT INTO `ciudad` VALUES ('401', 'GUADUAS', '25320', '2017-01-21 23:28:52', '2017-01-21 23:28:52');
INSERT INTO `ciudad` VALUES ('402', 'GUAITARILLA', '52320', '2017-01-21 23:28:52', '2017-01-21 23:28:52');
INSERT INTO `ciudad` VALUES ('403', 'GUALMATAN', '52323', '2017-01-21 23:28:52', '2017-01-21 23:28:52');
INSERT INTO `ciudad` VALUES ('404', 'GUAMAL', '47318', '2017-01-21 23:28:52', '2017-01-21 23:28:52');
INSERT INTO `ciudad` VALUES ('405', 'GUAMAL', '50318', '2017-01-21 23:28:52', '2017-01-21 23:28:52');
INSERT INTO `ciudad` VALUES ('406', 'GUAMO', '73319', '2017-01-21 23:28:52', '2017-01-21 23:28:52');
INSERT INTO `ciudad` VALUES ('407', 'GUAPI', '19318', '2017-01-21 23:28:52', '2017-01-21 23:28:52');
INSERT INTO `ciudad` VALUES ('408', 'GUAPOTA', '68322', '2017-01-21 23:28:52', '2017-01-21 23:28:52');
INSERT INTO `ciudad` VALUES ('409', 'GUARANDA', '70265', '2017-01-21 23:28:52', '2017-01-21 23:28:52');
INSERT INTO `ciudad` VALUES ('410', 'GUARNE', '5318', '2017-01-21 23:28:52', '2017-01-21 23:28:52');
INSERT INTO `ciudad` VALUES ('411', 'GUASCA', '25322', '2017-01-21 23:28:52', '2017-01-21 23:28:52');
INSERT INTO `ciudad` VALUES ('412', 'GUATAPE', '5321', '2017-01-21 23:28:52', '2017-01-21 23:28:52');
INSERT INTO `ciudad` VALUES ('413', 'GUATAQUI', '25324', '2017-01-21 23:28:52', '2017-01-21 23:28:52');
INSERT INTO `ciudad` VALUES ('414', 'GUATAVITA', '25326', '2017-01-21 23:28:52', '2017-01-21 23:28:52');
INSERT INTO `ciudad` VALUES ('415', 'GUATEQUE', '15322', '2017-01-21 23:28:52', '2017-01-21 23:28:52');
INSERT INTO `ciudad` VALUES ('416', 'GUATICA', '66318', '2017-01-21 23:28:52', '2017-01-21 23:28:52');
INSERT INTO `ciudad` VALUES ('417', 'GUAVATA', '68324', '2017-01-21 23:28:52', '2017-01-21 23:28:52');
INSERT INTO `ciudad` VALUES ('418', 'GUAYABAL DE SIQUIMA', '25328', '2017-01-21 23:28:52', '2017-01-21 23:28:52');
INSERT INTO `ciudad` VALUES ('419', 'GUAYABETAL', '25335', '2017-01-21 23:28:52', '2017-01-21 23:28:52');
INSERT INTO `ciudad` VALUES ('420', 'GUAYATA', '15325', '2017-01-21 23:28:52', '2017-01-21 23:28:52');
INSERT INTO `ciudad` VALUES ('421', 'GUEPSA', '68327', '2017-01-21 23:28:52', '2017-01-21 23:28:52');
INSERT INTO `ciudad` VALUES ('422', 'GUICAN', '15332', '2017-01-21 23:28:52', '2017-01-21 23:28:52');
INSERT INTO `ciudad` VALUES ('423', 'GUTIERREZ', '25339', '2017-01-21 23:28:52', '2017-01-21 23:28:52');
INSERT INTO `ciudad` VALUES ('424', 'HACARI', '54344', '2017-01-21 23:28:52', '2017-01-21 23:28:52');
INSERT INTO `ciudad` VALUES ('425', 'HATILLO DE LOBA', '13300', '2017-01-21 23:28:52', '2017-01-21 23:28:52');
INSERT INTO `ciudad` VALUES ('426', 'HATO', '68344', '2017-01-21 23:28:52', '2017-01-21 23:28:52');
INSERT INTO `ciudad` VALUES ('427', 'HATO COROZAL', '85125', '2017-01-21 23:28:52', '2017-01-21 23:28:52');
INSERT INTO `ciudad` VALUES ('428', 'HATONUEVO', '44378', '2017-01-21 23:28:52', '2017-01-21 23:28:52');
INSERT INTO `ciudad` VALUES ('429', 'HELICONIA', '5347', '2017-01-21 23:28:52', '2017-01-21 23:28:52');
INSERT INTO `ciudad` VALUES ('430', 'HERRAN', '54347', '2017-01-21 23:28:52', '2017-01-21 23:28:52');
INSERT INTO `ciudad` VALUES ('431', 'HERVEO', '73347', '2017-01-21 23:28:52', '2017-01-21 23:28:52');
INSERT INTO `ciudad` VALUES ('432', 'HISPANIA', '5353', '2017-01-21 23:28:52', '2017-01-21 23:28:52');
INSERT INTO `ciudad` VALUES ('433', 'HOBO', '41349', '2017-01-21 23:28:52', '2017-01-21 23:28:52');
INSERT INTO `ciudad` VALUES ('434', 'HONDA', '73349', '2017-01-21 23:28:52', '2017-01-21 23:28:52');
INSERT INTO `ciudad` VALUES ('435', 'IBAGUE', '73001', '2017-01-21 23:28:52', '2017-01-21 23:28:52');
INSERT INTO `ciudad` VALUES ('436', 'ICONONZO', '73352', '2017-01-21 23:28:52', '2017-01-21 23:28:52');
INSERT INTO `ciudad` VALUES ('437', 'ILES', '52352', '2017-01-21 23:28:52', '2017-01-21 23:28:52');
INSERT INTO `ciudad` VALUES ('438', 'IMUES', '52354', '2017-01-21 23:28:52', '2017-01-21 23:28:52');
INSERT INTO `ciudad` VALUES ('439', 'INIRIDA', '94001', '2017-01-21 23:28:52', '2017-01-21 23:28:52');
INSERT INTO `ciudad` VALUES ('440', 'INZA', '19355', '2017-01-21 23:28:52', '2017-01-21 23:28:52');
INSERT INTO `ciudad` VALUES ('441', 'IPIALES', '52356', '2017-01-21 23:28:52', '2017-01-21 23:28:52');
INSERT INTO `ciudad` VALUES ('442', 'IQUIRA', '41357', '2017-01-21 23:28:52', '2017-01-21 23:28:52');
INSERT INTO `ciudad` VALUES ('443', 'ISNOS', '41359', '2017-01-21 23:28:52', '2017-01-21 23:28:52');
INSERT INTO `ciudad` VALUES ('444', 'ISTMINA', '27361', '2017-01-21 23:28:52', '2017-01-21 23:28:52');
INSERT INTO `ciudad` VALUES ('445', 'ITAG?I', '5360', '2017-01-21 23:28:52', '2017-01-21 23:28:52');
INSERT INTO `ciudad` VALUES ('446', 'ITAGUI', '5360', '2017-01-21 23:28:52', '2017-01-21 23:28:52');
INSERT INTO `ciudad` VALUES ('447', 'ITUANGO', '5361', '2017-01-21 23:28:52', '2017-01-21 23:28:52');
INSERT INTO `ciudad` VALUES ('448', 'IZA', '15362', '2017-01-21 23:28:52', '2017-01-21 23:28:52');
INSERT INTO `ciudad` VALUES ('449', 'JAMBALO', '19364', '2017-01-21 23:28:52', '2017-01-21 23:28:52');
INSERT INTO `ciudad` VALUES ('450', 'JAMUNDI', '76364', '2017-01-21 23:28:52', '2017-01-21 23:28:52');
INSERT INTO `ciudad` VALUES ('451', 'JARDIN', '5364', '2017-01-21 23:28:52', '2017-01-21 23:28:52');
INSERT INTO `ciudad` VALUES ('452', 'JENESANO', '15367', '2017-01-21 23:28:52', '2017-01-21 23:28:52');
INSERT INTO `ciudad` VALUES ('453', 'JERICO', '5368', '2017-01-21 23:28:52', '2017-01-21 23:28:52');
INSERT INTO `ciudad` VALUES ('454', 'JERICO', '15368', '2017-01-21 23:28:52', '2017-01-21 23:28:52');
INSERT INTO `ciudad` VALUES ('455', 'JERUSALEN', '25368', '2017-01-21 23:28:52', '2017-01-21 23:28:52');
INSERT INTO `ciudad` VALUES ('456', 'JESUS MARIA', '68368', '2017-01-21 23:28:52', '2017-01-21 23:28:52');
INSERT INTO `ciudad` VALUES ('457', 'JORDAN', '68370', '2017-01-21 23:28:52', '2017-01-21 23:28:52');
INSERT INTO `ciudad` VALUES ('458', 'JUAN DE ACOSTA', '8372', '2017-01-21 23:28:52', '2017-01-21 23:28:52');
INSERT INTO `ciudad` VALUES ('459', 'JUNIN', '25372', '2017-01-21 23:28:52', '2017-01-21 23:28:52');
INSERT INTO `ciudad` VALUES ('460', 'JURADO', '27372', '2017-01-21 23:28:52', '2017-01-21 23:28:52');
INSERT INTO `ciudad` VALUES ('461', 'LA APARTADA', '23350', '2017-01-21 23:28:52', '2017-01-21 23:28:52');
INSERT INTO `ciudad` VALUES ('462', 'LA ARGENTINA', '41378', '2017-01-21 23:28:52', '2017-01-21 23:28:52');
INSERT INTO `ciudad` VALUES ('463', 'LA BELLEZA', '68377', '2017-01-21 23:28:52', '2017-01-21 23:28:52');
INSERT INTO `ciudad` VALUES ('464', 'LA CALERA', '25377', '2017-01-21 23:28:52', '2017-01-21 23:28:52');
INSERT INTO `ciudad` VALUES ('465', 'LA CAPILLA', '15380', '2017-01-21 23:28:52', '2017-01-21 23:28:52');
INSERT INTO `ciudad` VALUES ('466', 'LA CEJA', '5376', '2017-01-21 23:28:52', '2017-01-21 23:28:52');
INSERT INTO `ciudad` VALUES ('467', 'LA CELIA', '66383', '2017-01-21 23:28:52', '2017-01-21 23:28:52');
INSERT INTO `ciudad` VALUES ('468', 'LA CHORRERA', '91405', '2017-01-21 23:28:52', '2017-01-21 23:28:52');
INSERT INTO `ciudad` VALUES ('469', 'LA CRUZ', '52378', '2017-01-21 23:28:52', '2017-01-21 23:28:52');
INSERT INTO `ciudad` VALUES ('470', 'LA CUMBRE', '76377', '2017-01-21 23:28:52', '2017-01-21 23:28:52');
INSERT INTO `ciudad` VALUES ('471', 'LA DORADA', '17380', '2017-01-21 23:28:52', '2017-01-21 23:28:52');
INSERT INTO `ciudad` VALUES ('472', 'LA ESPERANZA', '54385', '2017-01-21 23:28:52', '2017-01-21 23:28:52');
INSERT INTO `ciudad` VALUES ('473', 'LA ESTRELLA', '5380', '2017-01-21 23:28:52', '2017-01-21 23:28:52');
INSERT INTO `ciudad` VALUES ('474', 'LA FLORIDA', '52381', '2017-01-21 23:28:52', '2017-01-21 23:28:52');
INSERT INTO `ciudad` VALUES ('475', 'LA GLORIA', '20383', '2017-01-21 23:28:52', '2017-01-21 23:28:52');
INSERT INTO `ciudad` VALUES ('476', 'LA GUADALUPE', '94885', '2017-01-21 23:28:52', '2017-01-21 23:28:52');
INSERT INTO `ciudad` VALUES ('477', 'LA JAGUA DE IBIRICO', '20400', '2017-01-21 23:28:52', '2017-01-21 23:28:52');
INSERT INTO `ciudad` VALUES ('478', 'LA JAGUA DEL PILAR', '44420', '2017-01-21 23:28:52', '2017-01-21 23:28:52');
INSERT INTO `ciudad` VALUES ('479', 'LA LLANADA', '52385', '2017-01-21 23:28:52', '2017-01-21 23:28:52');
INSERT INTO `ciudad` VALUES ('480', 'LA MACARENA', '50350', '2017-01-21 23:28:52', '2017-01-21 23:28:52');
INSERT INTO `ciudad` VALUES ('481', 'LA MERCED', '17388', '2017-01-21 23:28:52', '2017-01-21 23:28:52');
INSERT INTO `ciudad` VALUES ('482', 'LA MESA', '25386', '2017-01-21 23:28:52', '2017-01-21 23:28:52');
INSERT INTO `ciudad` VALUES ('483', 'LA MONTANITA', '18410', '2017-01-21 23:28:52', '2017-01-21 23:28:52');
INSERT INTO `ciudad` VALUES ('484', 'LA PALMA', '25394', '2017-01-21 23:28:52', '2017-01-21 23:28:52');
INSERT INTO `ciudad` VALUES ('485', 'LA PAZ', '20621', '2017-01-21 23:28:52', '2017-01-21 23:28:52');
INSERT INTO `ciudad` VALUES ('486', 'LA PAZ', '68397', '2017-01-21 23:28:52', '2017-01-21 23:28:52');
INSERT INTO `ciudad` VALUES ('487', 'LA PEDRERA', '91407', '2017-01-21 23:28:52', '2017-01-21 23:28:52');
INSERT INTO `ciudad` VALUES ('488', 'LA PENA', '25398', '2017-01-21 23:28:52', '2017-01-21 23:28:52');
INSERT INTO `ciudad` VALUES ('489', 'LA PINTADA', '5390', '2017-01-21 23:28:52', '2017-01-21 23:28:52');
INSERT INTO `ciudad` VALUES ('490', 'LA PLATA', '41396', '2017-01-21 23:28:52', '2017-01-21 23:28:52');
INSERT INTO `ciudad` VALUES ('491', 'LA PLAYA', '54398', '2017-01-21 23:28:52', '2017-01-21 23:28:52');
INSERT INTO `ciudad` VALUES ('492', 'LA PRIMAVERA', '99524', '2017-01-21 23:28:52', '2017-01-21 23:28:52');
INSERT INTO `ciudad` VALUES ('493', 'LA SALINA', '85136', '2017-01-21 23:28:52', '2017-01-21 23:28:52');
INSERT INTO `ciudad` VALUES ('494', 'LA SIERRA', '19392', '2017-01-21 23:28:52', '2017-01-21 23:28:52');
INSERT INTO `ciudad` VALUES ('495', 'LA TEBAIDA', '63401', '2017-01-21 23:28:52', '2017-01-21 23:28:52');
INSERT INTO `ciudad` VALUES ('496', 'LA TOLA', '52390', '2017-01-21 23:28:52', '2017-01-21 23:28:52');
INSERT INTO `ciudad` VALUES ('497', 'LA UNION', '5400', '2017-01-21 23:28:52', '2017-01-21 23:28:52');
INSERT INTO `ciudad` VALUES ('498', 'LA UNION', '52399', '2017-01-21 23:28:52', '2017-01-21 23:28:52');
INSERT INTO `ciudad` VALUES ('499', 'LA UNION', '70400', '2017-01-21 23:28:52', '2017-01-21 23:28:52');
INSERT INTO `ciudad` VALUES ('500', 'LA UNION', '76400', '2017-01-21 23:28:52', '2017-01-21 23:28:52');
INSERT INTO `ciudad` VALUES ('501', 'LA UVITA', '15403', '2017-01-21 23:28:52', '2017-01-21 23:28:52');
INSERT INTO `ciudad` VALUES ('502', 'LA VEGA', '19397', '2017-01-21 23:28:52', '2017-01-21 23:28:52');
INSERT INTO `ciudad` VALUES ('503', 'LA VEGA', '25402', '2017-01-21 23:28:52', '2017-01-21 23:28:52');
INSERT INTO `ciudad` VALUES ('504', 'LA VICTORIA', '91430', '2017-01-21 23:28:52', '2017-01-21 23:28:52');
INSERT INTO `ciudad` VALUES ('505', 'LA VICTORIA', '15401', '2017-01-21 23:28:52', '2017-01-21 23:28:52');
INSERT INTO `ciudad` VALUES ('506', 'LA VICTORIA', '76403', '2017-01-21 23:28:52', '2017-01-21 23:28:52');
INSERT INTO `ciudad` VALUES ('507', 'LA VIRGINIA', '66400', '2017-01-21 23:28:52', '2017-01-21 23:28:52');
INSERT INTO `ciudad` VALUES ('508', 'LABATECA', '54377', '2017-01-21 23:28:52', '2017-01-21 23:28:52');
INSERT INTO `ciudad` VALUES ('509', 'LABRANZAGRANDE', '15377', '2017-01-21 23:28:52', '2017-01-21 23:28:52');
INSERT INTO `ciudad` VALUES ('510', 'LANDAZURI', '68385', '2017-01-21 23:28:52', '2017-01-21 23:28:52');
INSERT INTO `ciudad` VALUES ('511', 'LEBRIJA', '68406', '2017-01-21 23:28:52', '2017-01-21 23:28:52');
INSERT INTO `ciudad` VALUES ('512', 'LEGUIZAMO', '86573', '2017-01-21 23:28:52', '2017-01-21 23:28:52');
INSERT INTO `ciudad` VALUES ('513', 'LEIVA', '52405', '2017-01-21 23:28:52', '2017-01-21 23:28:52');
INSERT INTO `ciudad` VALUES ('514', 'LEJANIAS', '50400', '2017-01-21 23:28:52', '2017-01-21 23:28:52');
INSERT INTO `ciudad` VALUES ('515', 'LENGUAZAQUE', '25407', '2017-01-21 23:28:52', '2017-01-21 23:28:52');
INSERT INTO `ciudad` VALUES ('516', 'LERIDA', '73408', '2017-01-21 23:28:52', '2017-01-21 23:28:52');
INSERT INTO `ciudad` VALUES ('517', 'LETICIA', '91001', '2017-01-21 23:28:52', '2017-01-21 23:28:52');
INSERT INTO `ciudad` VALUES ('518', 'LIBANO', '73411', '2017-01-21 23:28:52', '2017-01-21 23:28:52');
INSERT INTO `ciudad` VALUES ('519', 'LIBORINA', '5411', '2017-01-21 23:28:52', '2017-01-21 23:28:52');
INSERT INTO `ciudad` VALUES ('520', 'LINARES', '52411', '2017-01-21 23:28:52', '2017-01-21 23:28:52');
INSERT INTO `ciudad` VALUES ('521', 'LLORO', '27413', '2017-01-21 23:28:52', '2017-01-21 23:28:52');
INSERT INTO `ciudad` VALUES ('522', 'LOPEZ', '19418', '2017-01-21 23:28:52', '2017-01-21 23:28:52');
INSERT INTO `ciudad` VALUES ('523', 'LORICA', '23417', '2017-01-21 23:28:52', '2017-01-21 23:28:52');
INSERT INTO `ciudad` VALUES ('524', 'LOS ANDES', '52418', '2017-01-21 23:28:52', '2017-01-21 23:28:52');
INSERT INTO `ciudad` VALUES ('525', 'LOS CORDOBAS', '23419', '2017-01-21 23:28:52', '2017-01-21 23:28:52');
INSERT INTO `ciudad` VALUES ('526', 'LOS PALMITOS', '70418', '2017-01-21 23:28:52', '2017-01-21 23:28:52');
INSERT INTO `ciudad` VALUES ('527', 'LOS PATIOS', '54405', '2017-01-21 23:28:52', '2017-01-21 23:28:52');
INSERT INTO `ciudad` VALUES ('528', 'LOS SANTOS', '68418', '2017-01-21 23:28:52', '2017-01-21 23:28:52');
INSERT INTO `ciudad` VALUES ('529', 'LOURDES', '54418', '2017-01-21 23:28:52', '2017-01-21 23:28:52');
INSERT INTO `ciudad` VALUES ('530', 'LURUACO', '8421', '2017-01-21 23:28:52', '2017-01-21 23:28:52');
INSERT INTO `ciudad` VALUES ('531', 'MACANAL', '15425', '2017-01-21 23:28:52', '2017-01-21 23:28:52');
INSERT INTO `ciudad` VALUES ('532', 'MACARAVITA', '68425', '2017-01-21 23:28:52', '2017-01-21 23:28:52');
INSERT INTO `ciudad` VALUES ('533', 'MACEO', '5425', '2017-01-21 23:28:52', '2017-01-21 23:28:52');
INSERT INTO `ciudad` VALUES ('534', 'MACHETA', '25426', '2017-01-21 23:28:52', '2017-01-21 23:28:52');
INSERT INTO `ciudad` VALUES ('535', 'MADRID', '25430', '2017-01-21 23:28:52', '2017-01-21 23:28:52');
INSERT INTO `ciudad` VALUES ('536', 'MAGANGUE', '13430', '2017-01-21 23:28:52', '2017-01-21 23:28:52');
INSERT INTO `ciudad` VALUES ('537', 'MAGUI', '52427', '2017-01-21 23:28:52', '2017-01-21 23:28:52');
INSERT INTO `ciudad` VALUES ('538', 'MAHATES', '13433', '2017-01-21 23:28:52', '2017-01-21 23:28:52');
INSERT INTO `ciudad` VALUES ('539', 'MAICAO', '44430', '2017-01-21 23:28:52', '2017-01-21 23:28:52');
INSERT INTO `ciudad` VALUES ('540', 'MAJAGUAL', '70429', '2017-01-21 23:28:52', '2017-01-21 23:28:52');
INSERT INTO `ciudad` VALUES ('541', 'MALAGA', '68432', '2017-01-21 23:28:52', '2017-01-21 23:28:52');
INSERT INTO `ciudad` VALUES ('542', 'MALAMBO', '8433', '2017-01-21 23:28:52', '2017-01-21 23:28:52');
INSERT INTO `ciudad` VALUES ('543', 'MALLAMA', '52435', '2017-01-21 23:28:52', '2017-01-21 23:28:52');
INSERT INTO `ciudad` VALUES ('544', 'MANATI', '8436', '2017-01-21 23:28:52', '2017-01-21 23:28:52');
INSERT INTO `ciudad` VALUES ('545', 'MANAURE', '20443', '2017-01-21 23:28:52', '2017-01-21 23:28:52');
INSERT INTO `ciudad` VALUES ('546', 'MANAURE', '44560', '2017-01-21 23:28:52', '2017-01-21 23:28:52');
INSERT INTO `ciudad` VALUES ('547', 'MANI', '85139', '2017-01-21 23:28:52', '2017-01-21 23:28:52');
INSERT INTO `ciudad` VALUES ('548', 'MANIZALES', '17001', '2017-01-21 23:28:52', '2017-01-21 23:28:52');
INSERT INTO `ciudad` VALUES ('549', 'MANTA', '25436', '2017-01-21 23:28:52', '2017-01-21 23:28:52');
INSERT INTO `ciudad` VALUES ('550', 'MANZANARES', '17433', '2017-01-21 23:28:52', '2017-01-21 23:28:52');
INSERT INTO `ciudad` VALUES ('551', 'MAPIRIPAN', '50325', '2017-01-21 23:28:52', '2017-01-21 23:28:52');
INSERT INTO `ciudad` VALUES ('552', 'MAPIRIPANA', '94663', '2017-01-21 23:28:52', '2017-01-21 23:28:52');
INSERT INTO `ciudad` VALUES ('553', 'MARGARITA', '13440', '2017-01-21 23:28:52', '2017-01-21 23:28:52');
INSERT INTO `ciudad` VALUES ('554', 'MARIA LA BAJA', '13442', '2017-01-21 23:28:52', '2017-01-21 23:28:52');
INSERT INTO `ciudad` VALUES ('555', 'MARINILLA', '5440', '2017-01-21 23:28:52', '2017-01-21 23:28:52');
INSERT INTO `ciudad` VALUES ('556', 'MARIPI', '15442', '2017-01-21 23:28:52', '2017-01-21 23:28:52');
INSERT INTO `ciudad` VALUES ('557', 'MARIQUITA', '73443', '2017-01-21 23:28:52', '2017-01-21 23:28:52');
INSERT INTO `ciudad` VALUES ('558', 'MARMATO', '17442', '2017-01-21 23:28:52', '2017-01-21 23:28:52');
INSERT INTO `ciudad` VALUES ('559', 'MARQUETALIA', '17444', '2017-01-21 23:28:52', '2017-01-21 23:28:52');
INSERT INTO `ciudad` VALUES ('560', 'MARSELLA', '66440', '2017-01-21 23:28:52', '2017-01-21 23:28:52');
INSERT INTO `ciudad` VALUES ('561', 'MARULANDA', '17446', '2017-01-21 23:28:52', '2017-01-21 23:28:52');
INSERT INTO `ciudad` VALUES ('562', 'MATANZA', '68444', '2017-01-21 23:28:52', '2017-01-21 23:28:52');
INSERT INTO `ciudad` VALUES ('563', 'MEDELLIN', '5001', '2017-01-21 23:28:52', '2017-01-21 23:28:52');
INSERT INTO `ciudad` VALUES ('564', 'MEDINA', '25438', '2017-01-21 23:28:52', '2017-01-21 23:28:52');
INSERT INTO `ciudad` VALUES ('565', 'MEDIO ATRATO', '27425', '2017-01-21 23:28:52', '2017-01-21 23:28:52');
INSERT INTO `ciudad` VALUES ('566', 'MEDIO BAUDO', '27430', '2017-01-21 23:28:52', '2017-01-21 23:28:52');
INSERT INTO `ciudad` VALUES ('567', 'MEDIO SAN JUAN', '27450', '2017-01-21 23:28:52', '2017-01-21 23:28:52');
INSERT INTO `ciudad` VALUES ('568', 'MELGAR', '73449', '2017-01-21 23:28:52', '2017-01-21 23:28:52');
INSERT INTO `ciudad` VALUES ('569', 'MERCADERES', '19450', '2017-01-21 23:28:52', '2017-01-21 23:28:52');
INSERT INTO `ciudad` VALUES ('570', 'MESETAS', '50330', '2017-01-21 23:28:52', '2017-01-21 23:28:52');
INSERT INTO `ciudad` VALUES ('571', 'MILAN', '18460', '2017-01-21 23:28:52', '2017-01-21 23:28:52');
INSERT INTO `ciudad` VALUES ('572', 'MIRAFLORES', '15455', '2017-01-21 23:28:52', '2017-01-21 23:28:52');
INSERT INTO `ciudad` VALUES ('573', 'MIRAFLORES', '95200', '2017-01-21 23:28:52', '2017-01-21 23:28:52');
INSERT INTO `ciudad` VALUES ('574', 'MIRANDA', '19455', '2017-01-21 23:28:52', '2017-01-21 23:28:52');
INSERT INTO `ciudad` VALUES ('575', 'MIRITI - PARANA', '91460', '2017-01-21 23:28:52', '2017-01-21 23:28:52');
INSERT INTO `ciudad` VALUES ('576', 'MISTRATO', '66456', '2017-01-21 23:28:52', '2017-01-21 23:28:52');
INSERT INTO `ciudad` VALUES ('577', 'MITU', '97001', '2017-01-21 23:28:52', '2017-01-21 23:28:52');
INSERT INTO `ciudad` VALUES ('578', 'MOCOA', '86001', '2017-01-21 23:28:52', '2017-01-21 23:28:52');
INSERT INTO `ciudad` VALUES ('579', 'MOGOTES', '68464', '2017-01-21 23:28:52', '2017-01-21 23:28:52');
INSERT INTO `ciudad` VALUES ('580', 'MOLAGAVITA', '68468', '2017-01-21 23:28:52', '2017-01-21 23:28:52');
INSERT INTO `ciudad` VALUES ('581', 'MOMIL', '23464', '2017-01-21 23:28:52', '2017-01-21 23:28:52');
INSERT INTO `ciudad` VALUES ('582', 'MOMPOS', '13468', '2017-01-21 23:28:52', '2017-01-21 23:28:52');
INSERT INTO `ciudad` VALUES ('583', 'MONGUA', '15464', '2017-01-21 23:28:52', '2017-01-21 23:28:52');
INSERT INTO `ciudad` VALUES ('584', 'MONGUI', '15466', '2017-01-21 23:28:52', '2017-01-21 23:28:52');
INSERT INTO `ciudad` VALUES ('585', 'MONIQUIRA', '15469', '2017-01-21 23:28:52', '2017-01-21 23:28:52');
INSERT INTO `ciudad` VALUES ('586', 'MONITOS', '23500', '2017-01-21 23:28:52', '2017-01-21 23:28:52');
INSERT INTO `ciudad` VALUES ('587', 'MONTEBELLO', '5467', '2017-01-21 23:28:52', '2017-01-21 23:28:52');
INSERT INTO `ciudad` VALUES ('588', 'MONTECRISTO', '13458', '2017-01-21 23:28:52', '2017-01-21 23:28:52');
INSERT INTO `ciudad` VALUES ('589', 'MONTELIBANO', '23466', '2017-01-21 23:28:52', '2017-01-21 23:28:52');
INSERT INTO `ciudad` VALUES ('590', 'MONTENEGRO', '63470', '2017-01-21 23:28:52', '2017-01-21 23:28:52');
INSERT INTO `ciudad` VALUES ('591', 'MONTERIA', '23001', '2017-01-21 23:28:52', '2017-01-21 23:28:52');
INSERT INTO `ciudad` VALUES ('592', 'MONTERREY', '85162', '2017-01-21 23:28:52', '2017-01-21 23:28:52');
INSERT INTO `ciudad` VALUES ('593', 'MORALES', '13473', '2017-01-21 23:28:52', '2017-01-21 23:28:52');
INSERT INTO `ciudad` VALUES ('594', 'MORALES', '19473', '2017-01-21 23:28:52', '2017-01-21 23:28:52');
INSERT INTO `ciudad` VALUES ('595', 'MORELIA', '18479', '2017-01-21 23:28:52', '2017-01-21 23:28:52');
INSERT INTO `ciudad` VALUES ('596', 'MORICHAL', '94888', '2017-01-21 23:28:52', '2017-01-21 23:28:52');
INSERT INTO `ciudad` VALUES ('597', 'MORROA', '70473', '2017-01-21 23:28:52', '2017-01-21 23:28:52');
INSERT INTO `ciudad` VALUES ('598', 'MOSQUERA', '25473', '2017-01-21 23:28:52', '2017-01-21 23:28:52');
INSERT INTO `ciudad` VALUES ('599', 'MOSQUERA', '52473', '2017-01-21 23:28:52', '2017-01-21 23:28:52');
INSERT INTO `ciudad` VALUES ('600', 'MOTAVITA', '15476', '2017-01-21 23:28:52', '2017-01-21 23:28:52');
INSERT INTO `ciudad` VALUES ('601', 'MURILLO', '73461', '2017-01-21 23:28:52', '2017-01-21 23:28:52');
INSERT INTO `ciudad` VALUES ('602', 'MURINDO', '5475', '2017-01-21 23:28:52', '2017-01-21 23:28:52');
INSERT INTO `ciudad` VALUES ('603', 'MUTATA', '5480', '2017-01-21 23:28:52', '2017-01-21 23:28:52');
INSERT INTO `ciudad` VALUES ('604', 'MUTISCUA', '54480', '2017-01-21 23:28:52', '2017-01-21 23:28:52');
INSERT INTO `ciudad` VALUES ('605', 'MUZO', '15480', '2017-01-21 23:28:52', '2017-01-21 23:28:52');
INSERT INTO `ciudad` VALUES ('606', 'NARINO', '5483', '2017-01-21 23:28:52', '2017-01-21 23:28:52');
INSERT INTO `ciudad` VALUES ('607', 'NARINO', '25483', '2017-01-21 23:28:52', '2017-01-21 23:28:52');
INSERT INTO `ciudad` VALUES ('608', 'NARINO', '52480', '2017-01-21 23:28:52', '2017-01-21 23:28:52');
INSERT INTO `ciudad` VALUES ('609', 'NATAGA', '41483', '2017-01-21 23:28:52', '2017-01-21 23:28:52');
INSERT INTO `ciudad` VALUES ('610', 'NATAGAIMA', '73483', '2017-01-21 23:28:52', '2017-01-21 23:28:52');
INSERT INTO `ciudad` VALUES ('611', 'NECHI', '5495', '2017-01-21 23:28:52', '2017-01-21 23:28:52');
INSERT INTO `ciudad` VALUES ('612', 'NECOCLI', '5490', '2017-01-21 23:28:52', '2017-01-21 23:28:52');
INSERT INTO `ciudad` VALUES ('613', 'NEIRA', '17486', '2017-01-21 23:28:52', '2017-01-21 23:28:52');
INSERT INTO `ciudad` VALUES ('614', 'NEIVA', '41001', '2017-01-21 23:28:52', '2017-01-21 23:28:52');
INSERT INTO `ciudad` VALUES ('615', 'NEMOCON', '25486', '2017-01-21 23:28:52', '2017-01-21 23:28:52');
INSERT INTO `ciudad` VALUES ('616', 'NILO', '25488', '2017-01-21 23:28:52', '2017-01-21 23:28:52');
INSERT INTO `ciudad` VALUES ('617', 'NIMAIMA', '25489', '2017-01-21 23:28:52', '2017-01-21 23:28:52');
INSERT INTO `ciudad` VALUES ('618', 'NOBSA', '15491', '2017-01-21 23:28:52', '2017-01-21 23:28:52');
INSERT INTO `ciudad` VALUES ('619', 'NOCAIMA', '25491', '2017-01-21 23:28:52', '2017-01-21 23:28:52');
INSERT INTO `ciudad` VALUES ('620', 'NORCASIA', '17495', '2017-01-21 23:28:52', '2017-01-21 23:28:52');
INSERT INTO `ciudad` VALUES ('621', 'NOVITA', '27491', '2017-01-21 23:28:52', '2017-01-21 23:28:52');
INSERT INTO `ciudad` VALUES ('622', 'NUEVA GRANADA', '47460', '2017-01-21 23:28:52', '2017-01-21 23:28:52');
INSERT INTO `ciudad` VALUES ('623', 'NUEVO COLON', '15494', '2017-01-21 23:28:52', '2017-01-21 23:28:52');
INSERT INTO `ciudad` VALUES ('624', 'NUNCHIA', '85225', '2017-01-21 23:28:52', '2017-01-21 23:28:52');
INSERT INTO `ciudad` VALUES ('625', 'NUQUI', '27495', '2017-01-21 23:28:52', '2017-01-21 23:28:52');
INSERT INTO `ciudad` VALUES ('626', 'OBANDO', '76497', '2017-01-21 23:28:52', '2017-01-21 23:28:52');
INSERT INTO `ciudad` VALUES ('627', 'OCAMONTE', '68498', '2017-01-21 23:28:52', '2017-01-21 23:28:52');
INSERT INTO `ciudad` VALUES ('628', 'OCANA', '54498', '2017-01-21 23:28:52', '2017-01-21 23:28:52');
INSERT INTO `ciudad` VALUES ('629', 'OIBA', '68500', '2017-01-21 23:28:52', '2017-01-21 23:28:52');
INSERT INTO `ciudad` VALUES ('630', 'OICATA', '15500', '2017-01-21 23:28:52', '2017-01-21 23:28:52');
INSERT INTO `ciudad` VALUES ('631', 'OLAYA', '5501', '2017-01-21 23:28:52', '2017-01-21 23:28:52');
INSERT INTO `ciudad` VALUES ('632', 'OLAYA HERRERA', '52490', '2017-01-21 23:28:52', '2017-01-21 23:28:52');
INSERT INTO `ciudad` VALUES ('633', 'ONZAGA', '68502', '2017-01-21 23:28:52', '2017-01-21 23:28:52');
INSERT INTO `ciudad` VALUES ('634', 'OPORAPA', '41503', '2017-01-21 23:28:52', '2017-01-21 23:28:52');
INSERT INTO `ciudad` VALUES ('635', 'ORITO', '86320', '2017-01-21 23:28:52', '2017-01-21 23:28:52');
INSERT INTO `ciudad` VALUES ('636', 'OROCUE', '85230', '2017-01-21 23:28:52', '2017-01-21 23:28:52');
INSERT INTO `ciudad` VALUES ('637', 'ORTEGA', '73504', '2017-01-21 23:28:52', '2017-01-21 23:28:52');
INSERT INTO `ciudad` VALUES ('638', 'OSPINA', '52506', '2017-01-21 23:28:52', '2017-01-21 23:28:52');
INSERT INTO `ciudad` VALUES ('639', 'OTANCHE', '15507', '2017-01-21 23:28:52', '2017-01-21 23:28:52');
INSERT INTO `ciudad` VALUES ('640', 'OVEJAS', '70508', '2017-01-21 23:28:52', '2017-01-21 23:28:52');
INSERT INTO `ciudad` VALUES ('641', 'PACHAVITA', '15511', '2017-01-21 23:28:52', '2017-01-21 23:28:52');
INSERT INTO `ciudad` VALUES ('642', 'PACHO', '25513', '2017-01-21 23:28:52', '2017-01-21 23:28:52');
INSERT INTO `ciudad` VALUES ('643', 'PACOA', '97511', '2017-01-21 23:28:52', '2017-01-21 23:28:52');
INSERT INTO `ciudad` VALUES ('644', 'PACORA', '17513', '2017-01-21 23:28:52', '2017-01-21 23:28:52');
INSERT INTO `ciudad` VALUES ('645', 'PADILLA', '19513', '2017-01-21 23:28:52', '2017-01-21 23:28:52');
INSERT INTO `ciudad` VALUES ('646', 'PAEZ', '15514', '2017-01-21 23:28:52', '2017-01-21 23:28:52');
INSERT INTO `ciudad` VALUES ('647', 'PAEZ', '19517', '2017-01-21 23:28:52', '2017-01-21 23:28:52');
INSERT INTO `ciudad` VALUES ('648', 'PAICOL', '41518', '2017-01-21 23:28:52', '2017-01-21 23:28:52');
INSERT INTO `ciudad` VALUES ('649', 'PAILITAS', '20517', '2017-01-21 23:28:52', '2017-01-21 23:28:52');
INSERT INTO `ciudad` VALUES ('650', 'PAIME', '25518', '2017-01-21 23:28:52', '2017-01-21 23:28:52');
INSERT INTO `ciudad` VALUES ('651', 'PAIPA', '15516', '2017-01-21 23:28:52', '2017-01-21 23:28:52');
INSERT INTO `ciudad` VALUES ('652', 'PAJARITO', '15518', '2017-01-21 23:28:52', '2017-01-21 23:28:52');
INSERT INTO `ciudad` VALUES ('653', 'PALERMO', '41524', '2017-01-21 23:28:52', '2017-01-21 23:28:52');
INSERT INTO `ciudad` VALUES ('654', 'PALESTINA', '17524', '2017-01-21 23:28:52', '2017-01-21 23:28:52');
INSERT INTO `ciudad` VALUES ('655', 'PALESTINA', '41530', '2017-01-21 23:28:52', '2017-01-21 23:28:52');
INSERT INTO `ciudad` VALUES ('656', 'PALMAR', '68522', '2017-01-21 23:28:52', '2017-01-21 23:28:52');
INSERT INTO `ciudad` VALUES ('657', 'PALMAR DE VARELA', '8520', '2017-01-21 23:28:52', '2017-01-21 23:28:52');
INSERT INTO `ciudad` VALUES ('658', 'PALMAS DEL SOCORRO', '68524', '2017-01-21 23:28:52', '2017-01-21 23:28:52');
INSERT INTO `ciudad` VALUES ('659', 'PALMIRA', '76520', '2017-01-21 23:28:52', '2017-01-21 23:28:52');
INSERT INTO `ciudad` VALUES ('660', 'PALMITO', '70523', '2017-01-21 23:28:52', '2017-01-21 23:28:52');
INSERT INTO `ciudad` VALUES ('661', 'PALOCABILDO', '73520', '2017-01-21 23:28:52', '2017-01-21 23:28:52');
INSERT INTO `ciudad` VALUES ('662', 'PAMPLONA', '54518', '2017-01-21 23:28:52', '2017-01-21 23:28:52');
INSERT INTO `ciudad` VALUES ('663', 'PAMPLONITA', '54520', '2017-01-21 23:28:52', '2017-01-21 23:28:52');
INSERT INTO `ciudad` VALUES ('664', 'PANA PANA', '94887', '2017-01-21 23:28:52', '2017-01-21 23:28:52');
INSERT INTO `ciudad` VALUES ('665', 'PANDI', '25524', '2017-01-21 23:28:52', '2017-01-21 23:28:52');
INSERT INTO `ciudad` VALUES ('666', 'PANQUEBA', '15522', '2017-01-21 23:28:52', '2017-01-21 23:28:52');
INSERT INTO `ciudad` VALUES ('667', 'PAPUNAUA', '97777', '2017-01-21 23:28:52', '2017-01-21 23:28:52');
INSERT INTO `ciudad` VALUES ('668', 'PARAMO', '68533', '2017-01-21 23:28:52', '2017-01-21 23:28:52');
INSERT INTO `ciudad` VALUES ('669', 'PARATEBUENO', '25530', '2017-01-21 23:28:52', '2017-01-21 23:28:52');
INSERT INTO `ciudad` VALUES ('670', 'PASCA', '25535', '2017-01-21 23:28:52', '2017-01-21 23:28:52');
INSERT INTO `ciudad` VALUES ('671', 'PASTO', '52001', '2017-01-21 23:28:52', '2017-01-21 23:28:52');
INSERT INTO `ciudad` VALUES ('672', 'PATIA', '19532', '2017-01-21 23:28:52', '2017-01-21 23:28:52');
INSERT INTO `ciudad` VALUES ('673', 'PAUNA', '15531', '2017-01-21 23:28:52', '2017-01-21 23:28:52');
INSERT INTO `ciudad` VALUES ('674', 'PAYA', '15533', '2017-01-21 23:28:52', '2017-01-21 23:28:52');
INSERT INTO `ciudad` VALUES ('675', 'PAZ DE ARIPORO', '85250', '2017-01-21 23:28:52', '2017-01-21 23:28:52');
INSERT INTO `ciudad` VALUES ('676', 'PAZ DE RIO', '15537', '2017-01-21 23:28:52', '2017-01-21 23:28:52');
INSERT INTO `ciudad` VALUES ('677', 'PEDRAZA', '47541', '2017-01-21 23:28:52', '2017-01-21 23:28:52');
INSERT INTO `ciudad` VALUES ('678', 'PELAYA', '20550', '2017-01-21 23:28:52', '2017-01-21 23:28:52');
INSERT INTO `ciudad` VALUES ('679', 'PENOL', '5541', '2017-01-21 23:28:52', '2017-01-21 23:28:52');
INSERT INTO `ciudad` VALUES ('680', 'PENSILVANIA', '17541', '2017-01-21 23:28:52', '2017-01-21 23:28:52');
INSERT INTO `ciudad` VALUES ('681', 'PEQUE', '5543', '2017-01-21 23:28:52', '2017-01-21 23:28:52');
INSERT INTO `ciudad` VALUES ('682', 'PEREIRA', '66001', '2017-01-21 23:28:52', '2017-01-21 23:28:52');
INSERT INTO `ciudad` VALUES ('683', 'PESCA', '15542', '2017-01-21 23:28:52', '2017-01-21 23:28:52');
INSERT INTO `ciudad` VALUES ('684', 'PIAMONTE', '19533', '2017-01-21 23:28:52', '2017-01-21 23:28:52');
INSERT INTO `ciudad` VALUES ('685', 'PIEDECUESTA', '68547', '2017-01-21 23:28:52', '2017-01-21 23:28:52');
INSERT INTO `ciudad` VALUES ('686', 'PIEDRAS', '73547', '2017-01-21 23:28:52', '2017-01-21 23:28:52');
INSERT INTO `ciudad` VALUES ('687', 'PIENDAMO', '19548', '2017-01-21 23:28:52', '2017-01-21 23:28:52');
INSERT INTO `ciudad` VALUES ('688', 'PIJAO', '63548', '2017-01-21 23:28:52', '2017-01-21 23:28:52');
INSERT INTO `ciudad` VALUES ('689', 'PIJINO DEL CARMEN', '47545', '2017-01-21 23:28:52', '2017-01-21 23:28:52');
INSERT INTO `ciudad` VALUES ('690', 'PINCHOTE', '68549', '2017-01-21 23:28:52', '2017-01-21 23:28:52');
INSERT INTO `ciudad` VALUES ('691', 'PINILLOS', '13549', '2017-01-21 23:28:52', '2017-01-21 23:28:52');
INSERT INTO `ciudad` VALUES ('692', 'PIOJO', '8549', '2017-01-21 23:28:52', '2017-01-21 23:28:52');
INSERT INTO `ciudad` VALUES ('693', 'PISBA', '15550', '2017-01-21 23:28:52', '2017-01-21 23:28:52');
INSERT INTO `ciudad` VALUES ('694', 'PITAL', '41548', '2017-01-21 23:28:52', '2017-01-21 23:28:52');
INSERT INTO `ciudad` VALUES ('695', 'PITALITO', '41551', '2017-01-21 23:28:52', '2017-01-21 23:28:52');
INSERT INTO `ciudad` VALUES ('696', 'PIVIJAY', '47551', '2017-01-21 23:28:52', '2017-01-21 23:28:52');
INSERT INTO `ciudad` VALUES ('697', 'PLANADAS', '73555', '2017-01-21 23:28:52', '2017-01-21 23:28:52');
INSERT INTO `ciudad` VALUES ('698', 'PLANETA RICA', '23555', '2017-01-21 23:28:52', '2017-01-21 23:28:52');
INSERT INTO `ciudad` VALUES ('699', 'PLATO', '47555', '2017-01-21 23:28:52', '2017-01-21 23:28:52');
INSERT INTO `ciudad` VALUES ('700', 'POLICARPA', '52540', '2017-01-21 23:28:52', '2017-01-21 23:28:52');
INSERT INTO `ciudad` VALUES ('701', 'POLONUEVO', '8558', '2017-01-21 23:28:52', '2017-01-21 23:28:52');
INSERT INTO `ciudad` VALUES ('702', 'PONEDERA', '8560', '2017-01-21 23:28:52', '2017-01-21 23:28:52');
INSERT INTO `ciudad` VALUES ('703', 'POPAYAN', '19001', '2017-01-21 23:28:52', '2017-01-21 23:28:52');
INSERT INTO `ciudad` VALUES ('704', 'PORE', '85263', '2017-01-21 23:28:52', '2017-01-21 23:28:52');
INSERT INTO `ciudad` VALUES ('705', 'POTOSI', '52560', '2017-01-21 23:28:52', '2017-01-21 23:28:52');
INSERT INTO `ciudad` VALUES ('706', 'PRADERA', '76563', '2017-01-21 23:28:52', '2017-01-21 23:28:52');
INSERT INTO `ciudad` VALUES ('707', 'PRADO', '73563', '2017-01-21 23:28:52', '2017-01-21 23:28:52');
INSERT INTO `ciudad` VALUES ('708', 'PROVIDENCIA', '88564', '2017-01-21 23:28:52', '2017-01-21 23:28:52');
INSERT INTO `ciudad` VALUES ('709', 'PROVIDENCIA', '52565', '2017-01-21 23:28:52', '2017-01-21 23:28:52');
INSERT INTO `ciudad` VALUES ('710', 'PUEBLO BELLO', '20570', '2017-01-21 23:28:52', '2017-01-21 23:28:52');
INSERT INTO `ciudad` VALUES ('711', 'PUEBLO NUEVO', '23570', '2017-01-21 23:28:52', '2017-01-21 23:28:52');
INSERT INTO `ciudad` VALUES ('712', 'PUEBLO RICO', '66572', '2017-01-21 23:28:52', '2017-01-21 23:28:52');
INSERT INTO `ciudad` VALUES ('713', 'PUEBLORRICO', '5576', '2017-01-21 23:28:52', '2017-01-21 23:28:52');
INSERT INTO `ciudad` VALUES ('714', 'PUEBLOVIEJO', '47570', '2017-01-21 23:28:52', '2017-01-21 23:28:52');
INSERT INTO `ciudad` VALUES ('715', 'PUENTE NACIONAL', '68572', '2017-01-21 23:28:52', '2017-01-21 23:28:52');
INSERT INTO `ciudad` VALUES ('716', 'PUERRES', '52573', '2017-01-21 23:28:52', '2017-01-21 23:28:52');
INSERT INTO `ciudad` VALUES ('717', 'PUERTO ALEGRIA', '91530', '2017-01-21 23:28:52', '2017-01-21 23:28:52');
INSERT INTO `ciudad` VALUES ('718', 'PUERTO ARICA', '91536', '2017-01-21 23:28:52', '2017-01-21 23:28:52');
INSERT INTO `ciudad` VALUES ('719', 'PUERTO ASIS', '86568', '2017-01-21 23:28:52', '2017-01-21 23:28:52');
INSERT INTO `ciudad` VALUES ('720', 'PUERTO BERRIO', '5579', '2017-01-21 23:28:52', '2017-01-21 23:28:52');
INSERT INTO `ciudad` VALUES ('721', 'PUERTO BOYACA', '15572', '2017-01-21 23:28:52', '2017-01-21 23:28:52');
INSERT INTO `ciudad` VALUES ('722', 'PUERTO CAICEDO', '86569', '2017-01-21 23:28:52', '2017-01-21 23:28:52');
INSERT INTO `ciudad` VALUES ('723', 'PUERTO CARRENO', '99001', '2017-01-21 23:28:52', '2017-01-21 23:28:52');
INSERT INTO `ciudad` VALUES ('724', 'PUERTO COLOMBIA', '8573', '2017-01-21 23:28:52', '2017-01-21 23:28:52');
INSERT INTO `ciudad` VALUES ('725', 'PUERTO COLOMBIA', '94884', '2017-01-21 23:28:52', '2017-01-21 23:28:52');
INSERT INTO `ciudad` VALUES ('726', 'PUERTO CONCORDIA', '50450', '2017-01-21 23:28:52', '2017-01-21 23:28:52');
INSERT INTO `ciudad` VALUES ('727', 'PUERTO ESCONDIDO', '23574', '2017-01-21 23:28:52', '2017-01-21 23:28:52');
INSERT INTO `ciudad` VALUES ('728', 'PUERTO GAITAN', '50568', '2017-01-21 23:28:52', '2017-01-21 23:28:52');
INSERT INTO `ciudad` VALUES ('729', 'PUERTO GUZMAN', '86571', '2017-01-21 23:28:52', '2017-01-21 23:28:52');
INSERT INTO `ciudad` VALUES ('730', 'PUERTO LIBERTADOR', '23580', '2017-01-21 23:28:52', '2017-01-21 23:28:52');
INSERT INTO `ciudad` VALUES ('731', 'PUERTO LLERAS', '50577', '2017-01-21 23:28:52', '2017-01-21 23:28:52');
INSERT INTO `ciudad` VALUES ('732', 'PUERTO LOPEZ', '50573', '2017-01-21 23:28:52', '2017-01-21 23:28:52');
INSERT INTO `ciudad` VALUES ('733', 'PUERTO NARE', '5585', '2017-01-21 23:28:52', '2017-01-21 23:28:52');
INSERT INTO `ciudad` VALUES ('734', 'PUERTO NARINO', '91540', '2017-01-21 23:28:52', '2017-01-21 23:28:52');
INSERT INTO `ciudad` VALUES ('735', 'PUERTO PARRA', '68573', '2017-01-21 23:28:52', '2017-01-21 23:28:52');
INSERT INTO `ciudad` VALUES ('736', 'PUERTO RICO', '18592', '2017-01-21 23:28:52', '2017-01-21 23:28:52');
INSERT INTO `ciudad` VALUES ('737', 'PUERTO RICO', '50590', '2017-01-21 23:28:52', '2017-01-21 23:28:52');
INSERT INTO `ciudad` VALUES ('738', 'PUERTO RONDON', '81591', '2017-01-21 23:28:52', '2017-01-21 23:28:52');
INSERT INTO `ciudad` VALUES ('739', 'PUERTO SALGAR', '25572', '2017-01-21 23:28:52', '2017-01-21 23:28:52');
INSERT INTO `ciudad` VALUES ('740', 'PUERTO SANTANDER', '91669', '2017-01-21 23:28:52', '2017-01-21 23:28:52');
INSERT INTO `ciudad` VALUES ('741', 'PUERTO SANTANDER', '54553', '2017-01-21 23:28:52', '2017-01-21 23:28:52');
INSERT INTO `ciudad` VALUES ('742', 'PUERTO TEJADA', '19573', '2017-01-21 23:28:52', '2017-01-21 23:28:52');
INSERT INTO `ciudad` VALUES ('743', 'PUERTO TRIUNFO', '5591', '2017-01-21 23:28:52', '2017-01-21 23:28:52');
INSERT INTO `ciudad` VALUES ('744', 'PUERTO WILCHES', '68575', '2017-01-21 23:28:52', '2017-01-21 23:28:52');
INSERT INTO `ciudad` VALUES ('745', 'PULI', '25580', '2017-01-21 23:28:52', '2017-01-21 23:28:52');
INSERT INTO `ciudad` VALUES ('746', 'PUPIALES', '52585', '2017-01-21 23:28:52', '2017-01-21 23:28:52');
INSERT INTO `ciudad` VALUES ('747', 'PURACE', '19585', '2017-01-21 23:28:52', '2017-01-21 23:28:52');
INSERT INTO `ciudad` VALUES ('748', 'PURIFICACION', '73585', '2017-01-21 23:28:52', '2017-01-21 23:28:52');
INSERT INTO `ciudad` VALUES ('749', 'PURISIMA', '23586', '2017-01-21 23:28:52', '2017-01-21 23:28:52');
INSERT INTO `ciudad` VALUES ('750', 'QUEBRADANEGRA', '25592', '2017-01-21 23:28:52', '2017-01-21 23:28:52');
INSERT INTO `ciudad` VALUES ('751', 'QUETAME', '25594', '2017-01-21 23:28:52', '2017-01-21 23:28:52');
INSERT INTO `ciudad` VALUES ('752', 'QUIBDO', '27001', '2017-01-21 23:28:52', '2017-01-21 23:28:52');
INSERT INTO `ciudad` VALUES ('753', 'QUIMBAYA', '63594', '2017-01-21 23:28:52', '2017-01-21 23:28:52');
INSERT INTO `ciudad` VALUES ('754', 'QUINCHIA', '66594', '2017-01-21 23:28:52', '2017-01-21 23:28:52');
INSERT INTO `ciudad` VALUES ('755', 'QUIPAMA', '15580', '2017-01-21 23:28:52', '2017-01-21 23:28:52');
INSERT INTO `ciudad` VALUES ('756', 'QUIPILE', '25596', '2017-01-21 23:28:52', '2017-01-21 23:28:52');
INSERT INTO `ciudad` VALUES ('757', 'RAGONVALIA', '54599', '2017-01-21 23:28:52', '2017-01-21 23:28:52');
INSERT INTO `ciudad` VALUES ('758', 'RAMIRIQUI', '15599', '2017-01-21 23:28:52', '2017-01-21 23:28:52');
INSERT INTO `ciudad` VALUES ('759', 'RAQUIRA', '15600', '2017-01-21 23:28:52', '2017-01-21 23:28:52');
INSERT INTO `ciudad` VALUES ('760', 'RECETOR', '85279', '2017-01-21 23:28:52', '2017-01-21 23:28:52');
INSERT INTO `ciudad` VALUES ('761', 'REGIDOR', '13580', '2017-01-21 23:28:52', '2017-01-21 23:28:52');
INSERT INTO `ciudad` VALUES ('762', 'REMEDIOS', '5604', '2017-01-21 23:28:52', '2017-01-21 23:28:52');
INSERT INTO `ciudad` VALUES ('763', 'REMOLINO', '47605', '2017-01-21 23:28:52', '2017-01-21 23:28:52');
INSERT INTO `ciudad` VALUES ('764', 'REPELON', '8606', '2017-01-21 23:28:52', '2017-01-21 23:28:52');
INSERT INTO `ciudad` VALUES ('765', 'RESTREPO', '50606', '2017-01-21 23:28:52', '2017-01-21 23:28:52');
INSERT INTO `ciudad` VALUES ('766', 'RESTREPO', '76606', '2017-01-21 23:28:52', '2017-01-21 23:28:52');
INSERT INTO `ciudad` VALUES ('767', 'RETIRO', '5607', '2017-01-21 23:28:52', '2017-01-21 23:28:52');
INSERT INTO `ciudad` VALUES ('768', 'RICAURTE', '25612', '2017-01-21 23:28:52', '2017-01-21 23:28:52');
INSERT INTO `ciudad` VALUES ('769', 'RICAURTE', '52612', '2017-01-21 23:28:52', '2017-01-21 23:28:52');
INSERT INTO `ciudad` VALUES ('770', 'RIO DE ORO', '20614', '2017-01-21 23:28:52', '2017-01-21 23:28:52');
INSERT INTO `ciudad` VALUES ('771', 'RIO IRO', '27580', '2017-01-21 23:28:52', '2017-01-21 23:28:52');
INSERT INTO `ciudad` VALUES ('772', 'RIO QUITO', '27600', '2017-01-21 23:28:52', '2017-01-21 23:28:52');
INSERT INTO `ciudad` VALUES ('773', 'RIO VIEJO', '13600', '2017-01-21 23:28:52', '2017-01-21 23:28:52');
INSERT INTO `ciudad` VALUES ('774', 'RIOBLANCO', '73616', '2017-01-21 23:28:52', '2017-01-21 23:28:52');
INSERT INTO `ciudad` VALUES ('775', 'RIOFRIO', '76616', '2017-01-21 23:28:52', '2017-01-21 23:28:52');
INSERT INTO `ciudad` VALUES ('776', 'RIOHACHA', '44001', '2017-01-21 23:28:52', '2017-01-21 23:28:52');
INSERT INTO `ciudad` VALUES ('777', 'RIONEGRO', '5615', '2017-01-21 23:28:52', '2017-01-21 23:28:52');
INSERT INTO `ciudad` VALUES ('778', 'RIONEGRO', '68615', '2017-01-21 23:28:52', '2017-01-21 23:28:52');
INSERT INTO `ciudad` VALUES ('779', 'RIOSUCIO', '17614', '2017-01-21 23:28:52', '2017-01-21 23:28:52');
INSERT INTO `ciudad` VALUES ('780', 'RIOSUCIO', '27615', '2017-01-21 23:28:52', '2017-01-21 23:28:52');
INSERT INTO `ciudad` VALUES ('781', 'RISARALDA', '17616', '2017-01-21 23:28:52', '2017-01-21 23:28:52');
INSERT INTO `ciudad` VALUES ('782', 'RIVERA', '41615', '2017-01-21 23:28:52', '2017-01-21 23:28:52');
INSERT INTO `ciudad` VALUES ('783', 'ROBERTO PAYAN', '52621', '2017-01-21 23:28:52', '2017-01-21 23:28:52');
INSERT INTO `ciudad` VALUES ('784', 'ROLDANILLO', '76622', '2017-01-21 23:28:52', '2017-01-21 23:28:52');
INSERT INTO `ciudad` VALUES ('785', 'RONCESVALLES', '73622', '2017-01-21 23:28:52', '2017-01-21 23:28:52');
INSERT INTO `ciudad` VALUES ('786', 'RONDON', '15621', '2017-01-21 23:28:52', '2017-01-21 23:28:52');
INSERT INTO `ciudad` VALUES ('787', 'ROSAS', '19622', '2017-01-21 23:28:52', '2017-01-21 23:28:52');
INSERT INTO `ciudad` VALUES ('788', 'ROVIRA', '73624', '2017-01-21 23:28:52', '2017-01-21 23:28:52');
INSERT INTO `ciudad` VALUES ('789', 'SABANA DE TORRES', '68655', '2017-01-21 23:28:52', '2017-01-21 23:28:52');
INSERT INTO `ciudad` VALUES ('790', 'SABANAGRANDE', '8634', '2017-01-21 23:28:52', '2017-01-21 23:28:52');
INSERT INTO `ciudad` VALUES ('791', 'SABANALARGA', '5628', '2017-01-21 23:28:52', '2017-01-21 23:28:52');
INSERT INTO `ciudad` VALUES ('792', 'SABANALARGA', '8638', '2017-01-21 23:28:52', '2017-01-21 23:28:52');
INSERT INTO `ciudad` VALUES ('793', 'SABANALARGA', '85300', '2017-01-21 23:28:52', '2017-01-21 23:28:52');
INSERT INTO `ciudad` VALUES ('794', 'SABANAS DE SAN ANGEL', '47660', '2017-01-21 23:28:52', '2017-01-21 23:28:52');
INSERT INTO `ciudad` VALUES ('795', 'SABANETA', '5631', '2017-01-21 23:28:52', '2017-01-21 23:28:52');
INSERT INTO `ciudad` VALUES ('796', 'SABOYA', '15632', '2017-01-21 23:28:52', '2017-01-21 23:28:52');
INSERT INTO `ciudad` VALUES ('797', 'SACAMA', '85315', '2017-01-21 23:28:52', '2017-01-21 23:28:52');
INSERT INTO `ciudad` VALUES ('798', 'SACHICA', '15638', '2017-01-21 23:28:52', '2017-01-21 23:28:52');
INSERT INTO `ciudad` VALUES ('799', 'SAHAGUN', '23660', '2017-01-21 23:28:52', '2017-01-21 23:28:52');
INSERT INTO `ciudad` VALUES ('800', 'SALADOBLANCO', '41660', '2017-01-21 23:28:52', '2017-01-21 23:28:52');
INSERT INTO `ciudad` VALUES ('801', 'SALAMINA', '17653', '2017-01-21 23:28:52', '2017-01-21 23:28:52');
INSERT INTO `ciudad` VALUES ('802', 'SALAMINA', '47675', '2017-01-21 23:28:52', '2017-01-21 23:28:52');
INSERT INTO `ciudad` VALUES ('803', 'SALAZAR', '54660', '2017-01-21 23:28:52', '2017-01-21 23:28:52');
INSERT INTO `ciudad` VALUES ('804', 'SALDANA', '73671', '2017-01-21 23:28:52', '2017-01-21 23:28:52');
INSERT INTO `ciudad` VALUES ('805', 'SALENTO', '63690', '2017-01-21 23:28:52', '2017-01-21 23:28:52');
INSERT INTO `ciudad` VALUES ('806', 'SALGAR', '5642', '2017-01-21 23:28:52', '2017-01-21 23:28:52');
INSERT INTO `ciudad` VALUES ('807', 'SAMACA', '15646', '2017-01-21 23:28:52', '2017-01-21 23:28:52');
INSERT INTO `ciudad` VALUES ('808', 'SAMANA', '17662', '2017-01-21 23:28:52', '2017-01-21 23:28:52');
INSERT INTO `ciudad` VALUES ('809', 'SAMANIEGO', '52678', '2017-01-21 23:28:52', '2017-01-21 23:28:52');
INSERT INTO `ciudad` VALUES ('810', 'SAMPUES', '70670', '2017-01-21 23:28:52', '2017-01-21 23:28:52');
INSERT INTO `ciudad` VALUES ('811', 'SAN AGUSTIN', '41668', '2017-01-21 23:28:52', '2017-01-21 23:28:52');
INSERT INTO `ciudad` VALUES ('812', 'SAN ALBERTO', '20710', '2017-01-21 23:28:52', '2017-01-21 23:28:52');
INSERT INTO `ciudad` VALUES ('813', 'SAN ANDRES', '5647', '2017-01-21 23:28:52', '2017-01-21 23:28:52');
INSERT INTO `ciudad` VALUES ('814', 'SAN ANDRES', '68669', '2017-01-21 23:28:52', '2017-01-21 23:28:52');
INSERT INTO `ciudad` VALUES ('815', 'SAN ANDRES 1', '88001', '2017-01-21 23:28:52', '2017-01-21 23:28:52');
INSERT INTO `ciudad` VALUES ('816', 'SAN ANDRES DE SOTAVENTO', '23670', '2017-01-21 23:28:52', '2017-01-21 23:28:52');
INSERT INTO `ciudad` VALUES ('817', 'SAN ANTERO', '23672', '2017-01-21 23:28:52', '2017-01-21 23:28:52');
INSERT INTO `ciudad` VALUES ('818', 'SAN ANTONIO', '73675', '2017-01-21 23:28:52', '2017-01-21 23:28:52');
INSERT INTO `ciudad` VALUES ('819', 'SAN ANTONIO DEL TEQUEND', '25645', '2017-01-21 23:28:52', '2017-01-21 23:28:52');
INSERT INTO `ciudad` VALUES ('820', 'SAN BENITO', '68673', '2017-01-21 23:28:52', '2017-01-21 23:28:52');
INSERT INTO `ciudad` VALUES ('821', 'SAN BENITO ABAD', '70678', '2017-01-21 23:28:52', '2017-01-21 23:28:52');
INSERT INTO `ciudad` VALUES ('822', 'SAN BERNARDO', '25649', '2017-01-21 23:28:52', '2017-01-21 23:28:52');
INSERT INTO `ciudad` VALUES ('823', 'SAN BERNARDO', '52685', '2017-01-21 23:28:52', '2017-01-21 23:28:52');
INSERT INTO `ciudad` VALUES ('824', 'SAN BERNARDO DEL VIENTO', '23675', '2017-01-21 23:28:52', '2017-01-21 23:28:52');
INSERT INTO `ciudad` VALUES ('825', 'SAN CALIXTO', '54670', '2017-01-21 23:28:52', '2017-01-21 23:28:52');
INSERT INTO `ciudad` VALUES ('826', 'SAN CARLOS', '5649', '2017-01-21 23:28:52', '2017-01-21 23:28:52');
INSERT INTO `ciudad` VALUES ('827', 'SAN CARLOS', '23678', '2017-01-21 23:28:52', '2017-01-21 23:28:52');
INSERT INTO `ciudad` VALUES ('828', 'SAN CARLOS DE GUAROA', '50680', '2017-01-21 23:28:52', '2017-01-21 23:28:52');
INSERT INTO `ciudad` VALUES ('829', 'SAN CAYETANO', '25653', '2017-01-21 23:28:52', '2017-01-21 23:28:52');
INSERT INTO `ciudad` VALUES ('830', 'SAN CAYETANO', '54673', '2017-01-21 23:28:52', '2017-01-21 23:28:52');
INSERT INTO `ciudad` VALUES ('831', 'SAN CRISTOBAL', '13620', '2017-01-21 23:28:52', '2017-01-21 23:28:52');
INSERT INTO `ciudad` VALUES ('832', 'SAN DIEGO', '20750', '2017-01-21 23:28:52', '2017-01-21 23:28:52');
INSERT INTO `ciudad` VALUES ('833', 'SAN EDUARDO', '15660', '2017-01-21 23:28:52', '2017-01-21 23:28:52');
INSERT INTO `ciudad` VALUES ('834', 'SAN ESTANISLAO', '13647', '2017-01-21 23:28:52', '2017-01-21 23:28:52');
INSERT INTO `ciudad` VALUES ('835', 'SAN FELIPE', '94883', '2017-01-21 23:28:52', '2017-01-21 23:28:52');
INSERT INTO `ciudad` VALUES ('836', 'SAN FERNANDO', '13650', '2017-01-21 23:28:52', '2017-01-21 23:28:52');
INSERT INTO `ciudad` VALUES ('837', 'SAN FRANCISCO', '5652', '2017-01-21 23:28:52', '2017-01-21 23:28:52');
INSERT INTO `ciudad` VALUES ('838', 'SAN FRANCISCO', '25658', '2017-01-21 23:28:52', '2017-01-21 23:28:52');
INSERT INTO `ciudad` VALUES ('839', 'SAN FRANCISCO', '86755', '2017-01-21 23:28:52', '2017-01-21 23:28:52');
INSERT INTO `ciudad` VALUES ('840', 'SAN GIL', '68679', '2017-01-21 23:28:52', '2017-01-21 23:28:52');
INSERT INTO `ciudad` VALUES ('841', 'SAN JACINTO', '13654', '2017-01-21 23:28:52', '2017-01-21 23:28:52');
INSERT INTO `ciudad` VALUES ('842', 'SAN JACINTO DEL CAUCA', '13655', '2017-01-21 23:28:52', '2017-01-21 23:28:52');
INSERT INTO `ciudad` VALUES ('843', 'SAN JERONIMO', '5656', '2017-01-21 23:28:52', '2017-01-21 23:28:52');
INSERT INTO `ciudad` VALUES ('844', 'SAN JOAQUIN', '68682', '2017-01-21 23:28:52', '2017-01-21 23:28:52');
INSERT INTO `ciudad` VALUES ('845', 'SAN JOSE', '17665', '2017-01-21 23:28:52', '2017-01-21 23:28:52');
INSERT INTO `ciudad` VALUES ('846', 'SAN JOSE DE LA FRAGUA', '18610', '2017-01-21 23:28:52', '2017-01-21 23:28:52');
INSERT INTO `ciudad` VALUES ('847', 'SAN JOSE DE LA MONTANA', '5658', '2017-01-21 23:28:52', '2017-01-21 23:28:52');
INSERT INTO `ciudad` VALUES ('848', 'SAN JOSE DE MIRANDA', '68684', '2017-01-21 23:28:52', '2017-01-21 23:28:52');
INSERT INTO `ciudad` VALUES ('849', 'SAN JOSE DE PARE', '15664', '2017-01-21 23:28:52', '2017-01-21 23:28:52');
INSERT INTO `ciudad` VALUES ('850', 'SAN JOSE DEL GUAVIARE', '95001', '2017-01-21 23:28:52', '2017-01-21 23:28:52');
INSERT INTO `ciudad` VALUES ('851', 'SAN JOSE DEL PALMAR', '27660', '2017-01-21 23:28:52', '2017-01-21 23:28:52');
INSERT INTO `ciudad` VALUES ('852', 'SAN JUAN DE ARAMA', '50683', '2017-01-21 23:28:52', '2017-01-21 23:28:52');
INSERT INTO `ciudad` VALUES ('853', 'SAN JUAN DE BETULIA', '70702', '2017-01-21 23:28:52', '2017-01-21 23:28:52');
INSERT INTO `ciudad` VALUES ('854', 'SAN JUAN DE RIO SECO', '25662', '2017-01-21 23:28:52', '2017-01-21 23:28:52');
INSERT INTO `ciudad` VALUES ('855', 'SAN JUAN DE URABA', '5659', '2017-01-21 23:28:52', '2017-01-21 23:28:52');
INSERT INTO `ciudad` VALUES ('856', 'SAN JUAN DEL CESAR', '44650', '2017-01-21 23:28:52', '2017-01-21 23:28:52');
INSERT INTO `ciudad` VALUES ('857', 'SAN JUAN NEPOMUCENO', '13657', '2017-01-21 23:28:52', '2017-01-21 23:28:52');
INSERT INTO `ciudad` VALUES ('858', 'SAN JUANITO', '50686', '2017-01-21 23:28:52', '2017-01-21 23:28:52');
INSERT INTO `ciudad` VALUES ('859', 'SAN LORENZO', '52687', '2017-01-21 23:28:52', '2017-01-21 23:28:52');
INSERT INTO `ciudad` VALUES ('860', 'SAN LUIS', '5660', '2017-01-21 23:28:52', '2017-01-21 23:28:52');
INSERT INTO `ciudad` VALUES ('861', 'SAN LUIS', '73678', '2017-01-21 23:28:52', '2017-01-21 23:28:52');
INSERT INTO `ciudad` VALUES ('862', 'SAN LUIS DE GACENO', '15667', '2017-01-21 23:28:52', '2017-01-21 23:28:52');
INSERT INTO `ciudad` VALUES ('863', 'SAN LUIS DE PALENQUE', '85325', '2017-01-21 23:28:52', '2017-01-21 23:28:52');
INSERT INTO `ciudad` VALUES ('864', 'SAN MARCOS', '70708', '2017-01-21 23:28:52', '2017-01-21 23:28:52');
INSERT INTO `ciudad` VALUES ('865', 'SAN MARTIN', '20770', '2017-01-21 23:28:52', '2017-01-21 23:28:52');
INSERT INTO `ciudad` VALUES ('866', 'SAN MARTIN', '50689', '2017-01-21 23:28:52', '2017-01-21 23:28:52');
INSERT INTO `ciudad` VALUES ('867', 'SAN MARTIN DE LOBA', '13667', '2017-01-21 23:28:52', '2017-01-21 23:28:52');
INSERT INTO `ciudad` VALUES ('868', 'SAN MATEO', '15673', '2017-01-21 23:28:52', '2017-01-21 23:28:52');
INSERT INTO `ciudad` VALUES ('869', 'SAN MIGUEL', '86757', '2017-01-21 23:28:52', '2017-01-21 23:28:52');
INSERT INTO `ciudad` VALUES ('870', 'SAN MIGUEL', '68686', '2017-01-21 23:28:52', '2017-01-21 23:28:52');
INSERT INTO `ciudad` VALUES ('871', 'SAN MIGUEL DE SEMA', '15676', '2017-01-21 23:28:52', '2017-01-21 23:28:52');
INSERT INTO `ciudad` VALUES ('872', 'SAN ONOFRE', '70713', '2017-01-21 23:28:52', '2017-01-21 23:28:52');
INSERT INTO `ciudad` VALUES ('873', 'SAN PABLO', '13670', '2017-01-21 23:28:52', '2017-01-21 23:28:52');
INSERT INTO `ciudad` VALUES ('874', 'SAN PABLO', '52693', '2017-01-21 23:28:52', '2017-01-21 23:28:52');
INSERT INTO `ciudad` VALUES ('875', 'SAN PABLO DE BORBUR', '15681', '2017-01-21 23:28:52', '2017-01-21 23:28:52');
INSERT INTO `ciudad` VALUES ('876', 'SAN PEDRO', '5664', '2017-01-21 23:28:52', '2017-01-21 23:28:52');
INSERT INTO `ciudad` VALUES ('877', 'SAN PEDRO', '70717', '2017-01-21 23:28:52', '2017-01-21 23:28:52');
INSERT INTO `ciudad` VALUES ('878', 'SAN PEDRO', '76670', '2017-01-21 23:28:52', '2017-01-21 23:28:52');
INSERT INTO `ciudad` VALUES ('879', 'SAN PEDRO DE CARTAGO', '52694', '2017-01-21 23:28:52', '2017-01-21 23:28:52');
INSERT INTO `ciudad` VALUES ('880', 'SAN PEDRO DE URABA', '5665', '2017-01-21 23:28:52', '2017-01-21 23:28:52');
INSERT INTO `ciudad` VALUES ('881', 'SAN PELAYO', '23686', '2017-01-21 23:28:52', '2017-01-21 23:28:52');
INSERT INTO `ciudad` VALUES ('882', 'SAN RAFAEL', '5667', '2017-01-21 23:28:52', '2017-01-21 23:28:52');
INSERT INTO `ciudad` VALUES ('883', 'SAN ROQUE', '5670', '2017-01-21 23:28:52', '2017-01-21 23:28:52');
INSERT INTO `ciudad` VALUES ('884', 'SAN SEBASTIAN', '19693', '2017-01-21 23:28:52', '2017-01-21 23:28:52');
INSERT INTO `ciudad` VALUES ('885', 'SAN SEBASTIAN DE BUENAV', '47692', '2017-01-21 23:28:52', '2017-01-21 23:28:52');
INSERT INTO `ciudad` VALUES ('886', 'SAN VICENTE', '5674', '2017-01-21 23:28:52', '2017-01-21 23:28:52');
INSERT INTO `ciudad` VALUES ('887', 'SAN VICENTE DE CHUCURI', '68689', '2017-01-21 23:28:52', '2017-01-21 23:28:52');
INSERT INTO `ciudad` VALUES ('888', 'SAN VICENTE DEL CAGUAN', '18753', '2017-01-21 23:28:52', '2017-01-21 23:28:52');
INSERT INTO `ciudad` VALUES ('889', 'SAN ZENON', '47703', '2017-01-21 23:28:52', '2017-01-21 23:28:52');
INSERT INTO `ciudad` VALUES ('890', 'SANDONA', '52683', '2017-01-21 23:28:52', '2017-01-21 23:28:52');
INSERT INTO `ciudad` VALUES ('891', 'SANTA ANA', '47707', '2017-01-21 23:28:52', '2017-01-21 23:28:52');
INSERT INTO `ciudad` VALUES ('892', 'SANTA BARBARA', '5679', '2017-01-21 23:28:52', '2017-01-21 23:28:52');
INSERT INTO `ciudad` VALUES ('893', 'SANTA BARBARA', '52696', '2017-01-21 23:28:52', '2017-01-21 23:28:52');
INSERT INTO `ciudad` VALUES ('894', 'SANTA BARBARA', '68705', '2017-01-21 23:28:52', '2017-01-21 23:28:52');
INSERT INTO `ciudad` VALUES ('895', 'SANTA BARBARA DE PINTO', '47720', '2017-01-21 23:28:52', '2017-01-21 23:28:52');
INSERT INTO `ciudad` VALUES ('896', 'SANTA CATALINA', '13673', '2017-01-21 23:28:52', '2017-01-21 23:28:52');
INSERT INTO `ciudad` VALUES ('897', 'SANTA HELENA DEL OPON', '68720', '2017-01-21 23:28:52', '2017-01-21 23:28:52');
INSERT INTO `ciudad` VALUES ('898', 'SANTA ISABEL', '73686', '2017-01-21 23:28:52', '2017-01-21 23:28:52');
INSERT INTO `ciudad` VALUES ('899', 'SANTA LUCIA', '8675', '2017-01-21 23:28:52', '2017-01-21 23:28:52');
INSERT INTO `ciudad` VALUES ('900', 'SANTA MARIA', '15690', '2017-01-21 23:28:52', '2017-01-21 23:28:52');
INSERT INTO `ciudad` VALUES ('901', 'SANTA MARIA', '41676', '2017-01-21 23:28:52', '2017-01-21 23:28:52');
INSERT INTO `ciudad` VALUES ('902', 'SANTA MARTA', '47001', '2017-01-21 23:28:52', '2017-01-21 23:28:52');
INSERT INTO `ciudad` VALUES ('903', 'SANTA ROSA', '13683', '2017-01-21 23:28:52', '2017-01-21 23:28:52');
INSERT INTO `ciudad` VALUES ('904', 'SANTA ROSA', '19701', '2017-01-21 23:28:52', '2017-01-21 23:28:52');
INSERT INTO `ciudad` VALUES ('905', 'SANTA ROSA DE CABAL', '66682', '2017-01-21 23:28:52', '2017-01-21 23:28:52');
INSERT INTO `ciudad` VALUES ('906', 'SANTA ROSA DE OSOS', '5686', '2017-01-21 23:28:52', '2017-01-21 23:28:52');
INSERT INTO `ciudad` VALUES ('907', 'SANTA ROSA DE VITERBO', '15693', '2017-01-21 23:28:52', '2017-01-21 23:28:52');
INSERT INTO `ciudad` VALUES ('908', 'SANTA ROSA DEL SUR', '13688', '2017-01-21 23:28:52', '2017-01-21 23:28:52');
INSERT INTO `ciudad` VALUES ('909', 'SANTA ROSALIA', '99624', '2017-01-21 23:28:52', '2017-01-21 23:28:52');
INSERT INTO `ciudad` VALUES ('910', 'SANTA SOFIA', '15696', '2017-01-21 23:28:52', '2017-01-21 23:28:52');
INSERT INTO `ciudad` VALUES ('911', 'SANTACRUZ', '52699', '2017-01-21 23:28:52', '2017-01-21 23:28:52');
INSERT INTO `ciudad` VALUES ('912', 'SANTAFE DE ANTIOQUIA', '5042', '2017-01-21 23:28:52', '2017-01-21 23:28:52');
INSERT INTO `ciudad` VALUES ('913', 'SANTANA', '15686', '2017-01-21 23:28:52', '2017-01-21 23:28:52');
INSERT INTO `ciudad` VALUES ('914', 'SANTANDER DE QUILICHAO', '19698', '2017-01-21 23:28:52', '2017-01-21 23:28:52');
INSERT INTO `ciudad` VALUES ('915', 'SANTIAGO', '54680', '2017-01-21 23:28:52', '2017-01-21 23:28:52');
INSERT INTO `ciudad` VALUES ('916', 'SANTIAGO', '86760', '2017-01-21 23:28:52', '2017-01-21 23:28:52');
INSERT INTO `ciudad` VALUES ('917', 'SANTIAGO DE TOLU', '70820', '2017-01-21 23:28:52', '2017-01-21 23:28:52');
INSERT INTO `ciudad` VALUES ('918', 'SANTO DOMINGO', '5690', '2017-01-21 23:28:52', '2017-01-21 23:28:52');
INSERT INTO `ciudad` VALUES ('919', 'SANTO TOMAS', '8685', '2017-01-21 23:28:52', '2017-01-21 23:28:52');
INSERT INTO `ciudad` VALUES ('920', 'SANTUARIO', '66687', '2017-01-21 23:28:52', '2017-01-21 23:28:52');
INSERT INTO `ciudad` VALUES ('921', 'SAPUYES', '52720', '2017-01-21 23:28:52', '2017-01-21 23:28:52');
INSERT INTO `ciudad` VALUES ('922', 'SARAVENA', '81736', '2017-01-21 23:28:52', '2017-01-21 23:28:52');
INSERT INTO `ciudad` VALUES ('923', 'SARDINATA', '54720', '2017-01-21 23:28:52', '2017-01-21 23:28:52');
INSERT INTO `ciudad` VALUES ('924', 'SASAIMA', '25718', '2017-01-21 23:28:52', '2017-01-21 23:28:52');
INSERT INTO `ciudad` VALUES ('925', 'SATIVANORTE', '15720', '2017-01-21 23:28:52', '2017-01-21 23:28:52');
INSERT INTO `ciudad` VALUES ('926', 'SATIVASUR', '15723', '2017-01-21 23:28:52', '2017-01-21 23:28:52');
INSERT INTO `ciudad` VALUES ('927', 'SEGOVIA', '5736', '2017-01-21 23:28:52', '2017-01-21 23:28:52');
INSERT INTO `ciudad` VALUES ('928', 'SESQUILE', '25736', '2017-01-21 23:28:52', '2017-01-21 23:28:52');
INSERT INTO `ciudad` VALUES ('929', 'SEVILLA', '76736', '2017-01-21 23:28:52', '2017-01-21 23:28:52');
INSERT INTO `ciudad` VALUES ('930', 'SIACHOQUE', '15740', '2017-01-21 23:28:52', '2017-01-21 23:28:52');
INSERT INTO `ciudad` VALUES ('931', 'SIBATE', '25740', '2017-01-21 23:28:52', '2017-01-21 23:28:52');
INSERT INTO `ciudad` VALUES ('932', 'SIBUNDOY', '86749', '2017-01-21 23:28:52', '2017-01-21 23:28:52');
INSERT INTO `ciudad` VALUES ('933', 'SILOS', '54743', '2017-01-21 23:28:52', '2017-01-21 23:28:52');
INSERT INTO `ciudad` VALUES ('934', 'SILVANIA', '25743', '2017-01-21 23:28:52', '2017-01-21 23:28:52');
INSERT INTO `ciudad` VALUES ('935', 'SILVIA', '19743', '2017-01-21 23:28:52', '2017-01-21 23:28:52');
INSERT INTO `ciudad` VALUES ('936', 'SIMACOTA', '68745', '2017-01-21 23:28:52', '2017-01-21 23:28:52');
INSERT INTO `ciudad` VALUES ('937', 'SIMIJACA', '25745', '2017-01-21 23:28:52', '2017-01-21 23:28:52');
INSERT INTO `ciudad` VALUES ('938', 'SIMITI', '13744', '2017-01-21 23:28:52', '2017-01-21 23:28:52');
INSERT INTO `ciudad` VALUES ('939', 'SINCE', '70742', '2017-01-21 23:28:52', '2017-01-21 23:28:52');
INSERT INTO `ciudad` VALUES ('940', 'SINCELEJO', '70001', '2017-01-21 23:28:52', '2017-01-21 23:28:52');
INSERT INTO `ciudad` VALUES ('941', 'SIPI', '27745', '2017-01-21 23:28:52', '2017-01-21 23:28:52');
INSERT INTO `ciudad` VALUES ('942', 'SITIONUEVO', '47745', '2017-01-21 23:28:52', '2017-01-21 23:28:52');
INSERT INTO `ciudad` VALUES ('943', 'SOACHA', '25754', '2017-01-21 23:28:52', '2017-01-21 23:28:52');
INSERT INTO `ciudad` VALUES ('944', 'SOATA', '15753', '2017-01-21 23:28:52', '2017-01-21 23:28:52');
INSERT INTO `ciudad` VALUES ('945', 'SOCHA', '15757', '2017-01-21 23:28:52', '2017-01-21 23:28:52');
INSERT INTO `ciudad` VALUES ('946', 'SOCORRO', '68755', '2017-01-21 23:28:52', '2017-01-21 23:28:52');
INSERT INTO `ciudad` VALUES ('947', 'SOCOTA', '15755', '2017-01-21 23:28:52', '2017-01-21 23:28:52');
INSERT INTO `ciudad` VALUES ('948', 'SOGAMOSO', '15759', '2017-01-21 23:28:52', '2017-01-21 23:28:52');
INSERT INTO `ciudad` VALUES ('949', 'SOLANO', '18756', '2017-01-21 23:28:52', '2017-01-21 23:28:52');
INSERT INTO `ciudad` VALUES ('950', 'SOLEDAD', '8758', '2017-01-21 23:28:52', '2017-01-21 23:28:52');
INSERT INTO `ciudad` VALUES ('951', 'SOLITA', '18785', '2017-01-21 23:28:52', '2017-01-21 23:28:52');
INSERT INTO `ciudad` VALUES ('952', 'SOMONDOCO', '15761', '2017-01-21 23:28:52', '2017-01-21 23:28:52');
INSERT INTO `ciudad` VALUES ('953', 'SONSON', '5756', '2017-01-21 23:28:52', '2017-01-21 23:28:52');
INSERT INTO `ciudad` VALUES ('954', 'SOPETRAN', '5761', '2017-01-21 23:28:52', '2017-01-21 23:28:52');
INSERT INTO `ciudad` VALUES ('955', 'SOPLAVIENTO', '13760', '2017-01-21 23:28:52', '2017-01-21 23:28:52');
INSERT INTO `ciudad` VALUES ('956', 'SOPO', '25758', '2017-01-21 23:28:52', '2017-01-21 23:28:52');
INSERT INTO `ciudad` VALUES ('957', 'SORA', '15762', '2017-01-21 23:28:52', '2017-01-21 23:28:52');
INSERT INTO `ciudad` VALUES ('958', 'SORACA', '15764', '2017-01-21 23:28:52', '2017-01-21 23:28:52');
INSERT INTO `ciudad` VALUES ('959', 'SOTAQUIRA', '15763', '2017-01-21 23:28:52', '2017-01-21 23:28:52');
INSERT INTO `ciudad` VALUES ('960', 'SOTARA', '19760', '2017-01-21 23:28:52', '2017-01-21 23:28:52');
INSERT INTO `ciudad` VALUES ('961', 'SUAITA', '68770', '2017-01-21 23:28:52', '2017-01-21 23:28:52');
INSERT INTO `ciudad` VALUES ('962', 'SUAN', '8770', '2017-01-21 23:28:52', '2017-01-21 23:28:52');
INSERT INTO `ciudad` VALUES ('963', 'SUAREZ', '19780', '2017-01-21 23:28:52', '2017-01-21 23:28:52');
INSERT INTO `ciudad` VALUES ('964', 'SUAREZ', '73770', '2017-01-21 23:28:52', '2017-01-21 23:28:52');
INSERT INTO `ciudad` VALUES ('965', 'SUAZA', '41770', '2017-01-21 23:28:52', '2017-01-21 23:28:52');
INSERT INTO `ciudad` VALUES ('966', 'SUBACHOQUE', '25769', '2017-01-21 23:28:52', '2017-01-21 23:28:52');
INSERT INTO `ciudad` VALUES ('967', 'SUCRE', '19785', '2017-01-21 23:28:52', '2017-01-21 23:28:52');
INSERT INTO `ciudad` VALUES ('968', 'SUCRE', '68773', '2017-01-21 23:28:52', '2017-01-21 23:28:52');
INSERT INTO `ciudad` VALUES ('969', 'SUCRE', '70771', '2017-01-21 23:28:52', '2017-01-21 23:28:52');
INSERT INTO `ciudad` VALUES ('970', 'SUESCA', '25772', '2017-01-21 23:28:52', '2017-01-21 23:28:52');
INSERT INTO `ciudad` VALUES ('971', 'SUPATA', '25777', '2017-01-21 23:28:52', '2017-01-21 23:28:52');
INSERT INTO `ciudad` VALUES ('972', 'SUPIA', '17777', '2017-01-21 23:28:52', '2017-01-21 23:28:52');
INSERT INTO `ciudad` VALUES ('973', 'SURATA', '68780', '2017-01-21 23:28:52', '2017-01-21 23:28:52');
INSERT INTO `ciudad` VALUES ('974', 'SUSA', '25779', '2017-01-21 23:28:52', '2017-01-21 23:28:52');
INSERT INTO `ciudad` VALUES ('975', 'SUSACON', '15774', '2017-01-21 23:28:52', '2017-01-21 23:28:52');
INSERT INTO `ciudad` VALUES ('976', 'SUTAMARCHAN', '15776', '2017-01-21 23:28:52', '2017-01-21 23:28:52');
INSERT INTO `ciudad` VALUES ('977', 'SUTATAUSA', '25781', '2017-01-21 23:28:52', '2017-01-21 23:28:52');
INSERT INTO `ciudad` VALUES ('978', 'SUTATENZA', '15778', '2017-01-21 23:28:52', '2017-01-21 23:28:52');
INSERT INTO `ciudad` VALUES ('979', 'TABIO', '25785', '2017-01-21 23:28:52', '2017-01-21 23:28:52');
INSERT INTO `ciudad` VALUES ('980', 'TADO', '27787', '2017-01-21 23:28:52', '2017-01-21 23:28:52');
INSERT INTO `ciudad` VALUES ('981', 'TALAIGUA NUEVO', '13780', '2017-01-21 23:28:52', '2017-01-21 23:28:52');
INSERT INTO `ciudad` VALUES ('982', 'TAMALAMEQUE', '20787', '2017-01-21 23:28:52', '2017-01-21 23:28:52');
INSERT INTO `ciudad` VALUES ('983', 'TAMARA', '85400', '2017-01-21 23:28:52', '2017-01-21 23:28:52');
INSERT INTO `ciudad` VALUES ('984', 'TAME', '81794', '2017-01-21 23:28:52', '2017-01-21 23:28:52');
INSERT INTO `ciudad` VALUES ('985', 'TAMESIS', '5789', '2017-01-21 23:28:52', '2017-01-21 23:28:52');
INSERT INTO `ciudad` VALUES ('986', 'TAMINANGO', '52786', '2017-01-21 23:28:52', '2017-01-21 23:28:52');
INSERT INTO `ciudad` VALUES ('987', 'TANGUA', '52788', '2017-01-21 23:28:52', '2017-01-21 23:28:52');
INSERT INTO `ciudad` VALUES ('988', 'TARAIRA', '97666', '2017-01-21 23:28:52', '2017-01-21 23:28:52');
INSERT INTO `ciudad` VALUES ('989', 'TARAPACA', '91798', '2017-01-21 23:28:52', '2017-01-21 23:28:52');
INSERT INTO `ciudad` VALUES ('990', 'TARAZA', '5790', '2017-01-21 23:28:52', '2017-01-21 23:28:52');
INSERT INTO `ciudad` VALUES ('991', 'TARQUI', '41791', '2017-01-21 23:28:52', '2017-01-21 23:28:52');
INSERT INTO `ciudad` VALUES ('992', 'TARSO', '5792', '2017-01-21 23:28:52', '2017-01-21 23:28:52');
INSERT INTO `ciudad` VALUES ('993', 'TASCO', '15790', '2017-01-21 23:28:52', '2017-01-21 23:28:52');
INSERT INTO `ciudad` VALUES ('994', 'TAURAMENA', '85410', '2017-01-21 23:28:52', '2017-01-21 23:28:52');
INSERT INTO `ciudad` VALUES ('995', 'TAUSA', '25793', '2017-01-21 23:28:52', '2017-01-21 23:28:52');
INSERT INTO `ciudad` VALUES ('996', 'TELLO', '41799', '2017-01-21 23:28:52', '2017-01-21 23:28:52');
INSERT INTO `ciudad` VALUES ('997', 'TENA', '25797', '2017-01-21 23:28:52', '2017-01-21 23:28:52');
INSERT INTO `ciudad` VALUES ('998', 'TENERIFE', '47798', '2017-01-21 23:28:52', '2017-01-21 23:28:52');
INSERT INTO `ciudad` VALUES ('999', 'TENJO', '25799', '2017-01-21 23:28:52', '2017-01-21 23:28:52');
INSERT INTO `ciudad` VALUES ('1000', 'TENZA', '15798', '2017-01-21 23:28:52', '2017-01-21 23:28:52');
INSERT INTO `ciudad` VALUES ('1001', 'TEORAMA', '54800', '2017-01-21 23:30:41', '2017-01-21 23:30:41');
INSERT INTO `ciudad` VALUES ('1002', 'TERUEL', '41801', '2017-01-21 23:30:41', '2017-01-21 23:30:41');
INSERT INTO `ciudad` VALUES ('1003', 'TESALIA', '41797', '2017-01-21 23:30:41', '2017-01-21 23:30:41');
INSERT INTO `ciudad` VALUES ('1004', 'TIBACUY', '25805', '2017-01-21 23:30:41', '2017-01-21 23:30:41');
INSERT INTO `ciudad` VALUES ('1005', 'TIBANA', '15804', '2017-01-21 23:30:41', '2017-01-21 23:30:41');
INSERT INTO `ciudad` VALUES ('1006', 'TIBASOSA', '15806', '2017-01-21 23:30:41', '2017-01-21 23:30:41');
INSERT INTO `ciudad` VALUES ('1007', 'TIBIRITA', '25807', '2017-01-21 23:30:41', '2017-01-21 23:30:41');
INSERT INTO `ciudad` VALUES ('1008', 'TIBU', '54810', '2017-01-21 23:30:41', '2017-01-21 23:30:41');
INSERT INTO `ciudad` VALUES ('1009', 'TIERRALTA', '23807', '2017-01-21 23:30:41', '2017-01-21 23:30:41');
INSERT INTO `ciudad` VALUES ('1010', 'TIMANA', '41807', '2017-01-21 23:30:41', '2017-01-21 23:30:41');
INSERT INTO `ciudad` VALUES ('1011', 'TIMBIO', '19807', '2017-01-21 23:30:41', '2017-01-21 23:30:41');
INSERT INTO `ciudad` VALUES ('1012', 'TIMBIQUI', '19809', '2017-01-21 23:30:41', '2017-01-21 23:30:41');
INSERT INTO `ciudad` VALUES ('1013', 'TINJACA', '15808', '2017-01-21 23:30:41', '2017-01-21 23:30:41');
INSERT INTO `ciudad` VALUES ('1014', 'TIPACOQUE', '15810', '2017-01-21 23:30:41', '2017-01-21 23:30:41');
INSERT INTO `ciudad` VALUES ('1015', 'TIQUISIO', '13810', '2017-01-21 23:30:41', '2017-01-21 23:30:41');
INSERT INTO `ciudad` VALUES ('1016', 'TITIRIBI', '5809', '2017-01-21 23:30:41', '2017-01-21 23:30:41');
INSERT INTO `ciudad` VALUES ('1017', 'TOCA', '15814', '2017-01-21 23:30:41', '2017-01-21 23:30:41');
INSERT INTO `ciudad` VALUES ('1018', 'TOCAIMA', '25815', '2017-01-21 23:30:41', '2017-01-21 23:30:41');
INSERT INTO `ciudad` VALUES ('1019', 'TOCANCIPA', '25817', '2017-01-21 23:30:41', '2017-01-21 23:30:41');
INSERT INTO `ciudad` VALUES ('1020', 'TOGUI', '15816', '2017-01-21 23:30:41', '2017-01-21 23:30:41');
INSERT INTO `ciudad` VALUES ('1021', 'TOLEDO', '5819', '2017-01-21 23:30:41', '2017-01-21 23:30:41');
INSERT INTO `ciudad` VALUES ('1022', 'TOLEDO', '54820', '2017-01-21 23:30:41', '2017-01-21 23:30:41');
INSERT INTO `ciudad` VALUES ('1023', 'TOLUVIEJO', '70823', '2017-01-21 23:30:41', '2017-01-21 23:30:41');
INSERT INTO `ciudad` VALUES ('1024', 'TONA', '68820', '2017-01-21 23:30:41', '2017-01-21 23:30:41');
INSERT INTO `ciudad` VALUES ('1025', 'TOPAGA', '15820', '2017-01-21 23:30:41', '2017-01-21 23:30:41');
INSERT INTO `ciudad` VALUES ('1026', 'TOPAIPI', '25823', '2017-01-21 23:30:41', '2017-01-21 23:30:41');
INSERT INTO `ciudad` VALUES ('1027', 'TORIBIO', '19821', '2017-01-21 23:30:41', '2017-01-21 23:30:41');
INSERT INTO `ciudad` VALUES ('1028', 'TORO', '76823', '2017-01-21 23:30:41', '2017-01-21 23:30:41');
INSERT INTO `ciudad` VALUES ('1029', 'TOTA', '15822', '2017-01-21 23:30:41', '2017-01-21 23:30:41');
INSERT INTO `ciudad` VALUES ('1030', 'TOTORO', '19824', '2017-01-21 23:30:41', '2017-01-21 23:30:41');
INSERT INTO `ciudad` VALUES ('1031', 'TRINIDAD', '85430', '2017-01-21 23:30:41', '2017-01-21 23:30:41');
INSERT INTO `ciudad` VALUES ('1032', 'TRUJILLO', '76828', '2017-01-21 23:30:41', '2017-01-21 23:30:41');
INSERT INTO `ciudad` VALUES ('1033', 'TUBARA', '8832', '2017-01-21 23:30:41', '2017-01-21 23:30:41');
INSERT INTO `ciudad` VALUES ('1034', 'TULUA', '76834', '2017-01-21 23:30:41', '2017-01-21 23:30:41');
INSERT INTO `ciudad` VALUES ('1035', 'TUMACO', '52835', '2017-01-21 23:30:41', '2017-01-21 23:30:41');
INSERT INTO `ciudad` VALUES ('1036', 'TUNJA', '15001', '2017-01-21 23:30:41', '2017-01-21 23:30:41');
INSERT INTO `ciudad` VALUES ('1037', 'TUNUNGUA', '15832', '2017-01-21 23:30:41', '2017-01-21 23:30:41');
INSERT INTO `ciudad` VALUES ('1038', 'TUQUERRES', '52838', '2017-01-21 23:30:41', '2017-01-21 23:30:41');
INSERT INTO `ciudad` VALUES ('1039', 'TURBACO', '13836', '2017-01-21 23:30:41', '2017-01-21 23:30:41');
INSERT INTO `ciudad` VALUES ('1040', 'TURBANA', '13838', '2017-01-21 23:30:41', '2017-01-21 23:30:41');
INSERT INTO `ciudad` VALUES ('1041', 'TURBO', '5837', '2017-01-21 23:30:41', '2017-01-21 23:30:41');
INSERT INTO `ciudad` VALUES ('1042', 'TURMEQUE', '15835', '2017-01-21 23:30:41', '2017-01-21 23:30:41');
INSERT INTO `ciudad` VALUES ('1043', 'TUTA', '15837', '2017-01-21 23:30:41', '2017-01-21 23:30:41');
INSERT INTO `ciudad` VALUES ('1044', 'TUTAZA', '15839', '2017-01-21 23:30:41', '2017-01-21 23:30:41');
INSERT INTO `ciudad` VALUES ('1045', 'UBALA', '25839', '2017-01-21 23:30:41', '2017-01-21 23:30:41');
INSERT INTO `ciudad` VALUES ('1046', 'UBAQUE', '25841', '2017-01-21 23:30:41', '2017-01-21 23:30:41');
INSERT INTO `ciudad` VALUES ('1047', 'ULLOA', '76845', '2017-01-21 23:30:41', '2017-01-21 23:30:41');
INSERT INTO `ciudad` VALUES ('1048', 'UMBITA', '15842', '2017-01-21 23:30:41', '2017-01-21 23:30:41');
INSERT INTO `ciudad` VALUES ('1049', 'UNE', '25845', '2017-01-21 23:30:41', '2017-01-21 23:30:41');
INSERT INTO `ciudad` VALUES ('1050', 'UNGUIA', '27800', '2017-01-21 23:30:41', '2017-01-21 23:30:41');
INSERT INTO `ciudad` VALUES ('1051', 'UNION PANAMERICANA', '27810', '2017-01-21 23:30:41', '2017-01-21 23:30:41');
INSERT INTO `ciudad` VALUES ('1052', 'URAMITA', '5842', '2017-01-21 23:30:41', '2017-01-21 23:30:41');
INSERT INTO `ciudad` VALUES ('1053', 'URIBE', '50370', '2017-01-21 23:30:41', '2017-01-21 23:30:41');
INSERT INTO `ciudad` VALUES ('1054', 'URIBIA', '44847', '2017-01-21 23:30:41', '2017-01-21 23:30:41');
INSERT INTO `ciudad` VALUES ('1055', 'URRAO', '5847', '2017-01-21 23:30:41', '2017-01-21 23:30:41');
INSERT INTO `ciudad` VALUES ('1056', 'URUMITA', '44855', '2017-01-21 23:30:41', '2017-01-21 23:30:41');
INSERT INTO `ciudad` VALUES ('1057', 'USIACURI', '8849', '2017-01-21 23:30:41', '2017-01-21 23:30:41');
INSERT INTO `ciudad` VALUES ('1058', 'UTICA', '25851', '2017-01-21 23:30:41', '2017-01-21 23:30:41');
INSERT INTO `ciudad` VALUES ('1059', 'VALDIVIA', '5854', '2017-01-21 23:30:41', '2017-01-21 23:30:41');
INSERT INTO `ciudad` VALUES ('1060', 'VALENCIA', '23855', '2017-01-21 23:30:41', '2017-01-21 23:30:41');
INSERT INTO `ciudad` VALUES ('1061', 'VALLE DE SAN JOSE', '68855', '2017-01-21 23:30:41', '2017-01-21 23:30:41');
INSERT INTO `ciudad` VALUES ('1062', 'VALLE DE SAN JUAN', '73854', '2017-01-21 23:30:41', '2017-01-21 23:30:41');
INSERT INTO `ciudad` VALUES ('1063', 'VALLE DEL GUAMUEZ', '86865', '2017-01-21 23:30:41', '2017-01-21 23:30:41');
INSERT INTO `ciudad` VALUES ('1064', 'VALLEDUPAR', '20001', '2017-01-21 23:30:41', '2017-01-21 23:30:41');
INSERT INTO `ciudad` VALUES ('1065', 'VALPARAISO', '5856', '2017-01-21 23:30:41', '2017-01-21 23:30:41');
INSERT INTO `ciudad` VALUES ('1066', 'VALPARAISO', '18860', '2017-01-21 23:30:41', '2017-01-21 23:30:41');
INSERT INTO `ciudad` VALUES ('1067', 'VEGACHI', '5858', '2017-01-21 23:30:41', '2017-01-21 23:30:41');
INSERT INTO `ciudad` VALUES ('1068', 'VELEZ', '68861', '2017-01-21 23:30:41', '2017-01-21 23:30:41');
INSERT INTO `ciudad` VALUES ('1069', 'VENADILLO', '73861', '2017-01-21 23:30:41', '2017-01-21 23:30:41');
INSERT INTO `ciudad` VALUES ('1070', 'VENECIA', '5861', '2017-01-21 23:30:41', '2017-01-21 23:30:41');
INSERT INTO `ciudad` VALUES ('1071', 'VENECIA', '25506', '2017-01-21 23:30:41', '2017-01-21 23:30:41');
INSERT INTO `ciudad` VALUES ('1072', 'VENTAQUEMADA', '15861', '2017-01-21 23:30:41', '2017-01-21 23:30:41');
INSERT INTO `ciudad` VALUES ('1073', 'VERGARA', '25862', '2017-01-21 23:30:41', '2017-01-21 23:30:41');
INSERT INTO `ciudad` VALUES ('1074', 'VERSALLES', '76863', '2017-01-21 23:30:41', '2017-01-21 23:30:41');
INSERT INTO `ciudad` VALUES ('1075', 'VETAS', '68867', '2017-01-21 23:30:41', '2017-01-21 23:30:41');
INSERT INTO `ciudad` VALUES ('1076', 'VIANI', '25867', '2017-01-21 23:30:41', '2017-01-21 23:30:41');
INSERT INTO `ciudad` VALUES ('1077', 'VICTORIA', '17867', '2017-01-21 23:30:41', '2017-01-21 23:30:41');
INSERT INTO `ciudad` VALUES ('1078', 'VIGIA DEL FUERTE', '5873', '2017-01-21 23:30:41', '2017-01-21 23:30:41');
INSERT INTO `ciudad` VALUES ('1079', 'VIJES', '76869', '2017-01-21 23:30:41', '2017-01-21 23:30:41');
INSERT INTO `ciudad` VALUES ('1080', 'VILLA CARO', '54871', '2017-01-21 23:30:41', '2017-01-21 23:30:41');
INSERT INTO `ciudad` VALUES ('1081', 'VILLA DE LEYVA', '15407', '2017-01-21 23:30:41', '2017-01-21 23:30:41');
INSERT INTO `ciudad` VALUES ('1082', 'VILLA DE SAN DIEGO DE U', '25843', '2017-01-21 23:30:41', '2017-01-21 23:30:41');
INSERT INTO `ciudad` VALUES ('1083', 'VILLA DEL ROSARIO', '54874', '2017-01-21 23:30:41', '2017-01-21 23:30:41');
INSERT INTO `ciudad` VALUES ('1084', 'VILLA RICA', '19845', '2017-01-21 23:30:41', '2017-01-21 23:30:41');
INSERT INTO `ciudad` VALUES ('1085', 'VILLAGARZON', '86885', '2017-01-21 23:30:41', '2017-01-21 23:30:41');
INSERT INTO `ciudad` VALUES ('1086', 'VILLAGOMEZ', '25871', '2017-01-21 23:30:41', '2017-01-21 23:30:41');
INSERT INTO `ciudad` VALUES ('1087', 'VILLAHERMOSA', '73870', '2017-01-21 23:30:41', '2017-01-21 23:30:41');
INSERT INTO `ciudad` VALUES ('1088', 'VILLAMARIA', '17873', '2017-01-21 23:30:41', '2017-01-21 23:30:41');
INSERT INTO `ciudad` VALUES ('1089', 'VILLANUEVA', '13873', '2017-01-21 23:30:41', '2017-01-21 23:30:41');
INSERT INTO `ciudad` VALUES ('1090', 'VILLANUEVA', '85440', '2017-01-21 23:30:41', '2017-01-21 23:30:41');
INSERT INTO `ciudad` VALUES ('1091', 'VILLANUEVA', '44874', '2017-01-21 23:30:41', '2017-01-21 23:30:41');
INSERT INTO `ciudad` VALUES ('1092', 'VILLANUEVA', '68872', '2017-01-21 23:30:41', '2017-01-21 23:30:41');
INSERT INTO `ciudad` VALUES ('1093', 'VILLAPINZON', '25873', '2017-01-21 23:30:41', '2017-01-21 23:30:41');
INSERT INTO `ciudad` VALUES ('1094', 'VILLARRICA', '73873', '2017-01-21 23:30:41', '2017-01-21 23:30:41');
INSERT INTO `ciudad` VALUES ('1095', 'VILLAVICENCIO', '50001', '2017-01-21 23:30:41', '2017-01-21 23:30:41');
INSERT INTO `ciudad` VALUES ('1096', 'VILLAVIEJA', '41872', '2017-01-21 23:30:41', '2017-01-21 23:30:41');
INSERT INTO `ciudad` VALUES ('1097', 'VILLETA', '25875', '2017-01-21 23:30:41', '2017-01-21 23:30:41');
INSERT INTO `ciudad` VALUES ('1098', 'VIOTA', '25878', '2017-01-21 23:30:41', '2017-01-21 23:30:41');
INSERT INTO `ciudad` VALUES ('1099', 'VIRACACHA', '15879', '2017-01-21 23:30:41', '2017-01-21 23:30:41');
INSERT INTO `ciudad` VALUES ('1100', 'VISTA HERMOSA', '50711', '2017-01-21 23:30:41', '2017-01-21 23:30:41');
INSERT INTO `ciudad` VALUES ('1101', 'VITERBO', '17877', '2017-01-21 23:30:41', '2017-01-21 23:30:41');
INSERT INTO `ciudad` VALUES ('1102', 'YACOPI', '25885', '2017-01-21 23:30:41', '2017-01-21 23:30:41');
INSERT INTO `ciudad` VALUES ('1103', 'YACUANQUER', '52885', '2017-01-21 23:30:41', '2017-01-21 23:30:41');
INSERT INTO `ciudad` VALUES ('1104', 'YAGUARA', '41885', '2017-01-21 23:30:41', '2017-01-21 23:30:41');
INSERT INTO `ciudad` VALUES ('1105', 'YALI', '5885', '2017-01-21 23:30:41', '2017-01-21 23:30:41');
INSERT INTO `ciudad` VALUES ('1106', 'YARUMAL', '5887', '2017-01-21 23:30:41', '2017-01-21 23:30:41');
INSERT INTO `ciudad` VALUES ('1107', 'YAVARATE', '97889', '2017-01-21 23:30:41', '2017-01-21 23:30:41');
INSERT INTO `ciudad` VALUES ('1108', 'YOLOMBO', '5890', '2017-01-21 23:30:41', '2017-01-21 23:30:41');
INSERT INTO `ciudad` VALUES ('1109', 'YONDO', '5893', '2017-01-21 23:30:41', '2017-01-21 23:30:41');
INSERT INTO `ciudad` VALUES ('1110', 'YOPAL', '85001', '2017-01-21 23:30:41', '2017-01-21 23:30:41');
INSERT INTO `ciudad` VALUES ('1111', 'YOTOCO', '76890', '2017-01-21 23:30:41', '2017-01-21 23:30:41');
INSERT INTO `ciudad` VALUES ('1112', 'YUMBO', '76892', '2017-01-21 23:30:41', '2017-01-21 23:30:41');
INSERT INTO `ciudad` VALUES ('1113', 'ZAMBRANO', '13894', '2017-01-21 23:30:41', '2017-01-21 23:30:41');
INSERT INTO `ciudad` VALUES ('1114', 'ZAPATOCA', '68895', '2017-01-21 23:30:41', '2017-01-21 23:30:41');
INSERT INTO `ciudad` VALUES ('1115', 'ZAPAYAN', '47960', '2017-01-21 23:30:41', '2017-01-21 23:30:41');
INSERT INTO `ciudad` VALUES ('1116', 'ZARAGOZA', '5895', '2017-01-21 23:30:41', '2017-01-21 23:30:41');
INSERT INTO `ciudad` VALUES ('1117', 'ZARZAL', '76895', '2017-01-21 23:30:41', '2017-01-21 23:30:41');
INSERT INTO `ciudad` VALUES ('1118', 'ZETAQUIRA', '15897', '2017-01-21 23:30:41', '2017-01-21 23:30:41');
INSERT INTO `ciudad` VALUES ('1119', 'ZIPACON', '25898', '2017-01-21 23:30:41', '2017-01-21 23:30:41');
INSERT INTO `ciudad` VALUES ('1120', 'ZIPAQUIRA', '25899', '2017-01-21 23:30:41', '2017-01-21 23:30:41');
INSERT INTO `ciudad` VALUES ('1121', 'ZONA BANANERA', '47980', '2017-01-21 23:30:41', '2017-01-21 23:30:41');

-- ----------------------------
-- Table structure for deporte
-- ----------------------------
DROP TABLE IF EXISTS `deporte`;
CREATE TABLE `deporte` (
  `id_dep` int(10) unsigned NOT NULL AUTO_INCREMENT,
  `desc_dep` varchar(100) NOT NULL,
  `id_form_pers` int(10) unsigned NOT NULL,
  PRIMARY KEY (`id_dep`,`id_form_pers`),
  KEY `fk_deporte_form_pers1_idx` (`id_form_pers`),
  CONSTRAINT `fk_deporte_form_pers1` FOREIGN KEY (`id_form_pers`) REFERENCES `form_pers` (`id_form_pers`) ON DELETE NO ACTION ON UPDATE NO ACTION
) ENGINE=InnoDB AUTO_INCREMENT=22 DEFAULT CHARSET=utf8;

-- ----------------------------
-- Records of deporte
-- ----------------------------
INSERT INTO `deporte` VALUES ('1', 'Baloncesto', '1');
INSERT INTO `deporte` VALUES ('2', 'Baloncesto', '4');
INSERT INTO `deporte` VALUES ('3', 'Baloncesto', '7');
INSERT INTO `deporte` VALUES ('4', 'Baloncesto', '10');
INSERT INTO `deporte` VALUES ('5', 'Baloncesto', '13');
INSERT INTO `deporte` VALUES ('6', 'Baloncesto', '16');
INSERT INTO `deporte` VALUES ('7', 'Baloncesto', '19');
INSERT INTO `deporte` VALUES ('8', 'Baloncesto', '22');
INSERT INTO `deporte` VALUES ('9', 'Baloncesto', '25');
INSERT INTO `deporte` VALUES ('10', 'Baloncesto', '28');
INSERT INTO `deporte` VALUES ('11', 'Baloncesto', '31');
INSERT INTO `deporte` VALUES ('12', 'Baloncesto', '34');
INSERT INTO `deporte` VALUES ('13', 'Baloncesto', '37');
INSERT INTO `deporte` VALUES ('14', 'Baloncesto', '40');
INSERT INTO `deporte` VALUES ('15', 'Baloncesto', '43');
INSERT INTO `deporte` VALUES ('16', 'Baloncesto', '46');
INSERT INTO `deporte` VALUES ('17', 'Futbol', '49');
INSERT INTO `deporte` VALUES ('18', 'Futbol', '52');
INSERT INTO `deporte` VALUES ('19', 'Futbol', '55');
INSERT INTO `deporte` VALUES ('20', 'Futbol', '58');
INSERT INTO `deporte` VALUES ('21', 'Futbol', '61');

-- ----------------------------
-- Table structure for empresa
-- ----------------------------
DROP TABLE IF EXISTS `empresa`;
CREATE TABLE `empresa` (
  `id_emp` int(10) unsigned NOT NULL AUTO_INCREMENT,
  `nit_emp` varchar(9) NOT NULL,
  `nom_emp` varchar(150) NOT NULL,
  `dir_emp` varchar(150) DEFAULT NULL,
  `tel_emp` varchar(20) DEFAULT NULL,
  `ext_emp` varchar(10) DEFAULT NULL,
  PRIMARY KEY (`id_emp`),
  UNIQUE KEY `razon_Soc_UNIQUE` (`nom_emp`),
  UNIQUE KEY `nit_emp_UNIQUE` (`nit_emp`)
) ENGINE=InnoDB AUTO_INCREMENT=3 DEFAULT CHARSET=utf8;

-- ----------------------------
-- Records of empresa
-- ----------------------------
INSERT INTO `empresa` VALUES ('2', '99999999', 'Empresa Prueba', 'Cl 59 A sur 47 35', '7158282', '1223');

-- ----------------------------
-- Table structure for enfermedad
-- ----------------------------
DROP TABLE IF EXISTS `enfermedad`;
CREATE TABLE `enfermedad` (
  `id_enf` int(10) unsigned NOT NULL AUTO_INCREMENT,
  `nom_enf` varchar(100) NOT NULL,
  `parent_enf` int(10) DEFAULT NULL,
  PRIMARY KEY (`id_enf`)
) ENGINE=InnoDB AUTO_INCREMENT=21 DEFAULT CHARSET=utf8;

-- ----------------------------
-- Records of enfermedad
-- ----------------------------
INSERT INTO `enfermedad` VALUES ('1', 'Mentales - psiquitricas', null);
INSERT INTO `enfermedad` VALUES ('2', 'Gastrointestinales', null);
INSERT INTO `enfermedad` VALUES ('3', 'Drogadiccin', null);
INSERT INTO `enfermedad` VALUES ('4', 'Tabaquismo', null);
INSERT INTO `enfermedad` VALUES ('5', 'Alcoholismo', null);
INSERT INTO `enfermedad` VALUES ('6', 'Cardiovasculares', null);
INSERT INTO `enfermedad` VALUES ('7', 'Cerebrovasculares', null);
INSERT INTO `enfermedad` VALUES ('8', 'Hipertensin Arterial', null);
INSERT INTO `enfermedad` VALUES ('9', '5 o menos Cig', null);
INSERT INTO `enfermedad` VALUES ('10', '5 o menos Alc', null);
INSERT INTO `enfermedad` VALUES ('11', 'Pulmonares', null);
INSERT INTO `enfermedad` VALUES ('12', 'Artritis', null);
INSERT INTO `enfermedad` VALUES ('13', 'Cncer', null);
INSERT INTO `enfermedad` VALUES ('14', '21 o mas Cig', null);
INSERT INTO `enfermedad` VALUES ('15', '21 o mas Alc', null);
INSERT INTO `enfermedad` VALUES ('16', 'Renales', null);
INSERT INTO `enfermedad` VALUES ('17', 'Sida', null);
INSERT INTO `enfermedad` VALUES ('18', 'Diabetes', null);
INSERT INTO `enfermedad` VALUES ('19', '6 a 20 Cig', null);
INSERT INTO `enfermedad` VALUES ('20', '6 a 20 Alc', null);

-- ----------------------------
-- Table structure for enfermedad_x_persona
-- ----------------------------
DROP TABLE IF EXISTS `enfermedad_x_persona`;
CREATE TABLE `enfermedad_x_persona` (
  `id_enf` int(10) unsigned NOT NULL,
  `id_per` int(10) unsigned NOT NULL,
  `id_form` int(10) unsigned NOT NULL,
  `anio_diag_enf` date DEFAULT NULL,
  `trant_enf` mediumtext,
  PRIMARY KEY (`id_enf`,`id_per`,`id_form`),
  KEY `fk_enfermedad_has_persona_persona1_idx` (`id_per`),
  KEY `fk_enfermedad_has_persona_enfermedad1_idx` (`id_enf`),
  KEY `fk_enfermedad_x_persona_formulario1_idx` (`id_form`),
  CONSTRAINT `fk_enfermedad_has_persona_enfermedad1` FOREIGN KEY (`id_enf`) REFERENCES `enfermedad` (`id_enf`) ON DELETE NO ACTION ON UPDATE NO ACTION,
  CONSTRAINT `fk_enfermedad_has_persona_persona1` FOREIGN KEY (`id_per`) REFERENCES `persona` (`id_per`) ON DELETE NO ACTION ON UPDATE NO ACTION,
  CONSTRAINT `fk_enfermedad_x_persona_formulario1` FOREIGN KEY (`id_form`) REFERENCES `formulario` (`id_form`) ON DELETE NO ACTION ON UPDATE NO ACTION
) ENGINE=InnoDB DEFAULT CHARSET=utf8;

-- ----------------------------
-- Records of enfermedad_x_persona
-- ----------------------------
INSERT INTO `enfermedad_x_persona` VALUES ('1', '1', '13', null, null);
INSERT INTO `enfermedad_x_persona` VALUES ('1', '1', '14', null, null);
INSERT INTO `enfermedad_x_persona` VALUES ('1', '1', '15', null, null);
INSERT INTO `enfermedad_x_persona` VALUES ('1', '1', '16', null, null);
INSERT INTO `enfermedad_x_persona` VALUES ('1', '1', '17', null, null);
INSERT INTO `enfermedad_x_persona` VALUES ('1', '1', '18', null, null);
INSERT INTO `enfermedad_x_persona` VALUES ('1', '1', '19', null, null);
INSERT INTO `enfermedad_x_persona` VALUES ('1', '1', '20', null, null);
INSERT INTO `enfermedad_x_persona` VALUES ('1', '1', '21', null, null);

-- ----------------------------
-- Table structure for formulario
-- ----------------------------
DROP TABLE IF EXISTS `formulario`;
CREATE TABLE `formulario` (
  `id_form` int(10) unsigned NOT NULL AUTO_INCREMENT,
  `pol_form` int(20) NOT NULL,
  `solic_increm_form` float(14,2) DEFAULT NULL,
  `ocupacion` mediumtext,
  `id_emp` int(10) unsigned NOT NULL,
  `fech_creacion` datetime NOT NULL,
  `fech_modificacion` datetime DEFAULT NULL,
  PRIMARY KEY (`id_form`,`id_emp`),
  KEY `fk_formulario_empresa_idx` (`id_emp`),
  CONSTRAINT `fk_formulario_empresa` FOREIGN KEY (`id_emp`) REFERENCES `empresa` (`id_emp`) ON DELETE NO ACTION ON UPDATE NO ACTION
) ENGINE=InnoDB AUTO_INCREMENT=22 DEFAULT CHARSET=utf8;

-- ----------------------------
-- Records of formulario
-- ----------------------------
INSERT INTO `formulario` VALUES ('1', '1', '2000000.00', null, '2', '2017-01-21 23:52:04', '2017-01-21 23:52:04');
INSERT INTO `formulario` VALUES ('2', '1', '2000000.00', null, '2', '2017-01-21 23:53:58', '2017-01-21 23:53:58');
INSERT INTO `formulario` VALUES ('3', '1', '2000000.00', null, '2', '2017-01-21 23:56:57', '2017-01-21 23:56:57');
INSERT INTO `formulario` VALUES ('4', '1', '2000000.00', null, '2', '2017-01-21 23:57:38', '2017-01-21 23:57:38');
INSERT INTO `formulario` VALUES ('5', '1', '2000000.00', null, '2', '2017-01-21 23:58:16', '2017-01-21 23:58:16');
INSERT INTO `formulario` VALUES ('6', '1', '2000000.00', null, '2', '2017-01-22 00:00:57', '2017-01-22 00:00:57');
INSERT INTO `formulario` VALUES ('7', '1', '2000000.00', null, '2', '2017-01-22 00:01:20', '2017-01-22 00:01:20');
INSERT INTO `formulario` VALUES ('8', '1', '2000000.00', null, '2', '2017-01-22 00:02:22', '2017-01-22 00:02:22');
INSERT INTO `formulario` VALUES ('9', '1', '2000000.00', null, '2', '2017-01-22 00:02:52', '2017-01-22 00:02:52');
INSERT INTO `formulario` VALUES ('10', '1', '2000000.00', null, '2', '2017-01-22 00:03:19', '2017-01-22 00:03:19');
INSERT INTO `formulario` VALUES ('11', '1', '2000000.00', null, '2', '2017-01-22 00:03:39', '2017-01-22 00:03:39');
INSERT INTO `formulario` VALUES ('12', '1', '2000000.00', null, '2', '2017-01-22 00:04:46', '2017-01-22 00:04:46');
INSERT INTO `formulario` VALUES ('13', '1', '2000000.00', null, '2', '2017-01-22 00:05:37', '2017-01-22 00:05:37');
INSERT INTO `formulario` VALUES ('14', '1', '2000000.00', null, '2', '2017-01-22 00:08:01', '2017-01-22 00:08:01');
INSERT INTO `formulario` VALUES ('15', '1', '2000000.00', null, '2', '2017-01-22 09:36:57', '2017-01-22 09:36:57');
INSERT INTO `formulario` VALUES ('16', '1', '2000000.00', null, '2', '2017-01-22 09:43:48', '2017-01-22 09:43:48');
INSERT INTO `formulario` VALUES ('17', '1', '2000000.00', null, '2', '2017-01-22 09:50:08', '2017-01-22 09:50:08');
INSERT INTO `formulario` VALUES ('18', '1', '2000000.00', null, '2', '2017-01-22 09:50:37', '2017-01-22 09:50:37');
INSERT INTO `formulario` VALUES ('19', '1', '2000000.00', null, '2', '2017-01-22 09:51:58', '2017-01-22 09:51:58');
INSERT INTO `formulario` VALUES ('20', '1', '2000000.00', null, '2', '2017-01-22 09:52:20', '2017-01-22 09:52:20');
INSERT INTO `formulario` VALUES ('21', '1', '2000000.00', 'Prueba', '2', '2017-01-22 09:53:52', '2017-01-22 09:53:52');

-- ----------------------------
-- Table structure for form_pers
-- ----------------------------
DROP TABLE IF EXISTS `form_pers`;
CREATE TABLE `form_pers` (
  `id_form_pers` int(10) unsigned NOT NULL AUTO_INCREMENT,
  `id_form` int(10) unsigned NOT NULL,
  `id_per` int(10) unsigned NOT NULL,
  `id_tip_usua` int(2) unsigned NOT NULL,
  `parentezco` varchar(100) DEFAULT 'Titular',
  `porcentaje` int(3) DEFAULT '100',
  PRIMARY KEY (`id_form_pers`,`id_form`,`id_per`,`id_tip_usua`),
  KEY `fk_form_pers_persona1_idx` (`id_per`),
  KEY `fk_form_pers_tipo_usuario1_idx` (`id_tip_usua`),
  KEY `fk_form_pers_formulario1` (`id_form`),
  CONSTRAINT `fk_form_pers_formulario1` FOREIGN KEY (`id_form`) REFERENCES `formulario` (`id_form`) ON DELETE NO ACTION ON UPDATE NO ACTION,
  CONSTRAINT `fk_form_pers_persona1` FOREIGN KEY (`id_per`) REFERENCES `persona` (`id_per`) ON DELETE NO ACTION ON UPDATE NO ACTION,
  CONSTRAINT `fk_form_pers_tipo_usuario1` FOREIGN KEY (`id_tip_usua`) REFERENCES `tipo_usuario` (`id_tip_usua`) ON DELETE NO ACTION ON UPDATE NO ACTION
) ENGINE=InnoDB AUTO_INCREMENT=64 DEFAULT CHARSET=utf8;

-- ----------------------------
-- Records of form_pers
-- ----------------------------
INSERT INTO `form_pers` VALUES ('1', '1', '1', '1', 'Titular', '100');
INSERT INTO `form_pers` VALUES ('2', '1', '2', '2', 'Hijo', '50');
INSERT INTO `form_pers` VALUES ('3', '1', '3', '2', 'Madre', '50');
INSERT INTO `form_pers` VALUES ('4', '2', '1', '1', 'Titular', '100');
INSERT INTO `form_pers` VALUES ('5', '2', '2', '2', 'Hijo', '50');
INSERT INTO `form_pers` VALUES ('6', '2', '3', '2', 'Madre', '50');
INSERT INTO `form_pers` VALUES ('7', '3', '1', '1', 'Titular', '100');
INSERT INTO `form_pers` VALUES ('8', '3', '2', '2', 'Hijo', '50');
INSERT INTO `form_pers` VALUES ('9', '3', '3', '2', 'Madre', '50');
INSERT INTO `form_pers` VALUES ('10', '4', '1', '1', 'Titular', '100');
INSERT INTO `form_pers` VALUES ('11', '4', '2', '2', 'Hijo', '50');
INSERT INTO `form_pers` VALUES ('12', '4', '3', '2', 'Madre', '50');
INSERT INTO `form_pers` VALUES ('13', '5', '1', '1', 'Titular', '100');
INSERT INTO `form_pers` VALUES ('14', '5', '2', '2', 'Hijo', '50');
INSERT INTO `form_pers` VALUES ('15', '5', '3', '2', 'Madre', '50');
INSERT INTO `form_pers` VALUES ('16', '6', '1', '1', 'Titular', '100');
INSERT INTO `form_pers` VALUES ('17', '6', '2', '2', 'Hijo', '50');
INSERT INTO `form_pers` VALUES ('18', '6', '3', '2', 'Madre', '50');
INSERT INTO `form_pers` VALUES ('19', '7', '1', '1', 'Titular', '100');
INSERT INTO `form_pers` VALUES ('20', '7', '2', '2', 'Hijo', '50');
INSERT INTO `form_pers` VALUES ('21', '7', '3', '2', 'Madre', '50');
INSERT INTO `form_pers` VALUES ('22', '8', '1', '1', 'Titular', '100');
INSERT INTO `form_pers` VALUES ('23', '8', '2', '2', 'Hijo', '50');
INSERT INTO `form_pers` VALUES ('24', '8', '3', '2', 'Madre', '50');
INSERT INTO `form_pers` VALUES ('25', '9', '1', '1', 'Titular', '100');
INSERT INTO `form_pers` VALUES ('26', '9', '2', '2', 'Hijo', '50');
INSERT INTO `form_pers` VALUES ('27', '9', '3', '2', 'Madre', '50');
INSERT INTO `form_pers` VALUES ('28', '10', '1', '1', 'Titular', '100');
INSERT INTO `form_pers` VALUES ('29', '10', '2', '2', 'Hijo', '50');
INSERT INTO `form_pers` VALUES ('30', '10', '3', '2', 'Madre', '50');
INSERT INTO `form_pers` VALUES ('31', '11', '1', '1', 'Titular', '100');
INSERT INTO `form_pers` VALUES ('32', '11', '2', '2', 'Hijo', '50');
INSERT INTO `form_pers` VALUES ('33', '11', '3', '2', 'Madre', '50');
INSERT INTO `form_pers` VALUES ('34', '12', '1', '1', 'Titular', '100');
INSERT INTO `form_pers` VALUES ('35', '12', '2', '2', 'Hijo', '50');
INSERT INTO `form_pers` VALUES ('36', '12', '3', '2', 'Madre', '50');
INSERT INTO `form_pers` VALUES ('37', '13', '1', '1', 'Titular', '100');
INSERT INTO `form_pers` VALUES ('38', '13', '2', '2', 'Hijo', '50');
INSERT INTO `form_pers` VALUES ('39', '13', '3', '2', 'Madre', '50');
INSERT INTO `form_pers` VALUES ('40', '14', '1', '1', 'Titular', '100');
INSERT INTO `form_pers` VALUES ('41', '14', '2', '2', 'Hijo', '50');
INSERT INTO `form_pers` VALUES ('42', '14', '3', '2', 'Madre', '50');
INSERT INTO `form_pers` VALUES ('43', '15', '1', '1', 'Titular', '100');
INSERT INTO `form_pers` VALUES ('44', '15', '2', '2', 'Hijo', '50');
INSERT INTO `form_pers` VALUES ('45', '15', '3', '2', 'Madre', '50');
INSERT INTO `form_pers` VALUES ('46', '16', '1', '1', 'Titular', '100');
INSERT INTO `form_pers` VALUES ('47', '16', '2', '2', 'Hijo', '50');
INSERT INTO `form_pers` VALUES ('48', '16', '3', '2', 'Madre', '50');
INSERT INTO `form_pers` VALUES ('49', '17', '1', '1', 'Titular', '100');
INSERT INTO `form_pers` VALUES ('50', '17', '4', '2', 'Hijo', '50');
INSERT INTO `form_pers` VALUES ('51', '17', '5', '2', 'Madre', '50');
INSERT INTO `form_pers` VALUES ('52', '18', '1', '1', 'Titular', '100');
INSERT INTO `form_pers` VALUES ('53', '18', '4', '2', 'Hijo', '50');
INSERT INTO `form_pers` VALUES ('54', '18', '5', '2', 'Madre', '50');
INSERT INTO `form_pers` VALUES ('55', '19', '1', '1', 'Titular', '100');
INSERT INTO `form_pers` VALUES ('56', '19', '4', '2', 'Hijo', '50');
INSERT INTO `form_pers` VALUES ('57', '19', '5', '2', 'Madre', '50');
INSERT INTO `form_pers` VALUES ('58', '20', '1', '1', 'Titular', '100');
INSERT INTO `form_pers` VALUES ('59', '20', '4', '2', 'Hijo', '50');
INSERT INTO `form_pers` VALUES ('60', '20', '5', '2', 'Madre', '50');
INSERT INTO `form_pers` VALUES ('61', '21', '1', '1', 'Titular', '100');
INSERT INTO `form_pers` VALUES ('62', '21', '4', '2', 'Hijo', '50');
INSERT INTO `form_pers` VALUES ('63', '21', '5', '2', 'Madre', '50');

-- ----------------------------
-- Table structure for novedad
-- ----------------------------
DROP TABLE IF EXISTS `novedad`;
CREATE TABLE `novedad` (
  `id_nov` int(2) NOT NULL,
  `nom_nov` varchar(100) NOT NULL,
  `desc_nov` mediumtext,
  `fech_creacion` datetime NOT NULL,
  `fech_modificacion` datetime DEFAULT NULL,
  PRIMARY KEY (`id_nov`)
) ENGINE=InnoDB DEFAULT CHARSET=utf8;

-- ----------------------------
-- Records of novedad
-- ----------------------------
INSERT INTO `novedad` VALUES ('1', 'Ingreso', 'Ingreso', '2017-01-21 23:40:09', '2017-01-21 23:40:09');
INSERT INTO `novedad` VALUES ('2', 'Asegurado principal', 'Asegurado principal', '2017-01-21 23:40:42', '2017-01-21 23:40:42');
INSERT INTO `novedad` VALUES ('3', 'Incremento de valor asegurado', 'Incremento de valor asegurado', '2017-01-21 23:41:00', '2017-01-21 23:41:00');
INSERT INTO `novedad` VALUES ('4', 'Familiar asegurado principal', 'Familiar asegurado principal', '2017-01-21 23:41:16', '2017-01-21 23:41:16');

-- ----------------------------
-- Table structure for novedad_x_formulario
-- ----------------------------
DROP TABLE IF EXISTS `novedad_x_formulario`;
CREATE TABLE `novedad_x_formulario` (
  `novedad_id_nov` int(2) NOT NULL,
  `formulario_id_form` int(10) unsigned NOT NULL,
  `formulario_id_emp` int(10) unsigned NOT NULL,
  `fech_creacion` datetime NOT NULL,
  `fech_modificacion` datetime DEFAULT NULL,
  PRIMARY KEY (`novedad_id_nov`,`formulario_id_form`,`formulario_id_emp`),
  KEY `fk_novedad_has_formulario_formulario1_idx` (`formulario_id_form`,`formulario_id_emp`),
  KEY `fk_novedad_has_formulario_novedad1_idx` (`novedad_id_nov`),
  CONSTRAINT `fk_novedad_has_formulario_formulario1` FOREIGN KEY (`formulario_id_form`, `formulario_id_emp`) REFERENCES `formulario` (`id_form`, `id_emp`) ON DELETE NO ACTION ON UPDATE NO ACTION,
  CONSTRAINT `fk_novedad_has_formulario_novedad1` FOREIGN KEY (`novedad_id_nov`) REFERENCES `novedad` (`id_nov`) ON DELETE NO ACTION ON UPDATE NO ACTION
) ENGINE=InnoDB DEFAULT CHARSET=utf8;

-- ----------------------------
-- Records of novedad_x_formulario
-- ----------------------------
INSERT INTO `novedad_x_formulario` VALUES ('1', '17', '2', '2017-01-22 09:50:08', '2017-01-22 09:50:08');
INSERT INTO `novedad_x_formulario` VALUES ('1', '18', '2', '2017-01-22 09:50:37', '2017-01-22 09:50:37');
INSERT INTO `novedad_x_formulario` VALUES ('1', '19', '2', '2017-01-22 09:51:58', '2017-01-22 09:51:58');
INSERT INTO `novedad_x_formulario` VALUES ('1', '20', '2', '2017-01-22 09:52:20', '2017-01-22 09:52:20');
INSERT INTO `novedad_x_formulario` VALUES ('1', '21', '2', '2017-01-22 09:53:52', '2017-01-22 09:53:52');
INSERT INTO `novedad_x_formulario` VALUES ('2', '1', '2', '2017-01-21 23:52:04', '2017-01-21 23:52:04');
INSERT INTO `novedad_x_formulario` VALUES ('2', '2', '2', '2017-01-21 23:53:59', '2017-01-21 23:53:59');
INSERT INTO `novedad_x_formulario` VALUES ('2', '3', '2', '2017-01-21 23:56:57', '2017-01-21 23:56:57');
INSERT INTO `novedad_x_formulario` VALUES ('2', '4', '2', '2017-01-21 23:57:38', '2017-01-21 23:57:38');
INSERT INTO `novedad_x_formulario` VALUES ('2', '5', '2', '2017-01-21 23:58:17', '2017-01-21 23:58:17');
INSERT INTO `novedad_x_formulario` VALUES ('2', '6', '2', '2017-01-22 00:00:58', '2017-01-22 00:00:58');
INSERT INTO `novedad_x_formulario` VALUES ('2', '7', '2', '2017-01-22 00:01:21', '2017-01-22 00:01:21');
INSERT INTO `novedad_x_formulario` VALUES ('2', '8', '2', '2017-01-22 00:02:22', '2017-01-22 00:02:22');
INSERT INTO `novedad_x_formulario` VALUES ('2', '9', '2', '2017-01-22 00:02:52', '2017-01-22 00:02:52');
INSERT INTO `novedad_x_formulario` VALUES ('2', '10', '2', '2017-01-22 00:03:19', '2017-01-22 00:03:19');
INSERT INTO `novedad_x_formulario` VALUES ('2', '11', '2', '2017-01-22 00:03:40', '2017-01-22 00:03:40');
INSERT INTO `novedad_x_formulario` VALUES ('2', '12', '2', '2017-01-22 00:04:46', '2017-01-22 00:04:46');
INSERT INTO `novedad_x_formulario` VALUES ('2', '13', '2', '2017-01-22 00:05:37', '2017-01-22 00:05:37');
INSERT INTO `novedad_x_formulario` VALUES ('2', '14', '2', '2017-01-22 00:08:01', '2017-01-22 00:08:01');
INSERT INTO `novedad_x_formulario` VALUES ('2', '15', '2', '2017-01-22 09:36:58', '2017-01-22 09:36:58');
INSERT INTO `novedad_x_formulario` VALUES ('2', '16', '2', '2017-01-22 09:43:49', '2017-01-22 09:43:49');
INSERT INTO `novedad_x_formulario` VALUES ('3', '1', '2', '2017-01-21 23:52:05', '2017-01-21 23:52:05');
INSERT INTO `novedad_x_formulario` VALUES ('3', '2', '2', '2017-01-21 23:53:59', '2017-01-21 23:53:59');
INSERT INTO `novedad_x_formulario` VALUES ('3', '3', '2', '2017-01-21 23:56:57', '2017-01-21 23:56:57');
INSERT INTO `novedad_x_formulario` VALUES ('3', '4', '2', '2017-01-21 23:57:38', '2017-01-21 23:57:38');
INSERT INTO `novedad_x_formulario` VALUES ('3', '5', '2', '2017-01-21 23:58:17', '2017-01-21 23:58:17');
INSERT INTO `novedad_x_formulario` VALUES ('3', '6', '2', '2017-01-22 00:00:58', '2017-01-22 00:00:58');
INSERT INTO `novedad_x_formulario` VALUES ('3', '7', '2', '2017-01-22 00:01:21', '2017-01-22 00:01:21');
INSERT INTO `novedad_x_formulario` VALUES ('3', '8', '2', '2017-01-22 00:02:22', '2017-01-22 00:02:22');
INSERT INTO `novedad_x_formulario` VALUES ('3', '9', '2', '2017-01-22 00:02:53', '2017-01-22 00:02:53');
INSERT INTO `novedad_x_formulario` VALUES ('3', '10', '2', '2017-01-22 00:03:19', '2017-01-22 00:03:19');
INSERT INTO `novedad_x_formulario` VALUES ('3', '11', '2', '2017-01-22 00:03:40', '2017-01-22 00:03:40');
INSERT INTO `novedad_x_formulario` VALUES ('3', '12', '2', '2017-01-22 00:04:46', '2017-01-22 00:04:46');
INSERT INTO `novedad_x_formulario` VALUES ('3', '13', '2', '2017-01-22 00:05:37', '2017-01-22 00:05:37');
INSERT INTO `novedad_x_formulario` VALUES ('3', '14', '2', '2017-01-22 00:08:01', '2017-01-22 00:08:01');
INSERT INTO `novedad_x_formulario` VALUES ('3', '15', '2', '2017-01-22 09:36:58', '2017-01-22 09:36:58');
INSERT INTO `novedad_x_formulario` VALUES ('3', '16', '2', '2017-01-22 09:43:49', '2017-01-22 09:43:49');
INSERT INTO `novedad_x_formulario` VALUES ('4', '17', '2', '2017-01-22 09:50:08', '2017-01-22 09:50:08');
INSERT INTO `novedad_x_formulario` VALUES ('4', '18', '2', '2017-01-22 09:50:37', '2017-01-22 09:50:37');
INSERT INTO `novedad_x_formulario` VALUES ('4', '19', '2', '2017-01-22 09:51:58', '2017-01-22 09:51:58');
INSERT INTO `novedad_x_formulario` VALUES ('4', '20', '2', '2017-01-22 09:52:20', '2017-01-22 09:52:20');
INSERT INTO `novedad_x_formulario` VALUES ('4', '21', '2', '2017-01-22 09:53:52', '2017-01-22 09:53:52');

-- ----------------------------
-- Table structure for persona
-- ----------------------------
DROP TABLE IF EXISTS `persona`;
CREATE TABLE `persona` (
  `id_per` int(10) unsigned NOT NULL AUTO_INCREMENT,
  `doc_per` varchar(15) NOT NULL,
  `prim_nom_per` varchar(70) NOT NULL,
  `seg_nom_per` varchar(70) DEFAULT NULL,
  `prim_ape_per` varchar(70) NOT NULL,
  `seg_ape_per` varchar(70) DEFAULT NULL,
  `dia_nac_per` int(2) DEFAULT NULL,
  `mes_nac_per` int(2) DEFAULT NULL,
  `anio_nac_per` int(4) DEFAULT NULL,
  `dir_per` varchar(100) DEFAULT NULL,
  `tel_per` varchar(60) DEFAULT NULL,
  `email_per` varchar(100) DEFAULT NULL,
  `gen_per` varchar(1) DEFAULT NULL,
  `est_per` int(3) DEFAULT NULL,
  `pes_per` float(6,2) DEFAULT NULL,
  `fech_creacion` datetime NOT NULL,
  `fech_modificacion` datetime DEFAULT NULL,
  `id_ciu_nac` int(15) unsigned DEFAULT '111',
  `id_tip_doc` varchar(4) DEFAULT 'cc',
  PRIMARY KEY (`id_per`),
  UNIQUE KEY `doc_per_UNIQUE` (`doc_per`),
  KEY `fk_persona_ciudad1_idx` (`id_ciu_nac`),
  KEY `fk_persona_tipo_documento1_idx` (`id_tip_doc`),
  CONSTRAINT `fk_persona_ciudad1` FOREIGN KEY (`id_ciu_nac`) REFERENCES `ciudad` (`id_ciu`) ON DELETE NO ACTION ON UPDATE NO ACTION,
  CONSTRAINT `fk_persona_tipo_documento1` FOREIGN KEY (`id_tip_doc`) REFERENCES `tipo_documento` (`id_tip_doc`) ON DELETE NO ACTION ON UPDATE NO ACTION
) ENGINE=InnoDB AUTO_INCREMENT=6 DEFAULT CHARSET=utf8;

-- ----------------------------
-- Records of persona
-- ----------------------------
INSERT INTO `persona` VALUES ('1', '1022323548', 'Mauricio', null, 'Cantor', 'Puentes', '22', '4', '1986', 'Cl 59 A sur # 47 - 35', '7158282', null, 'm', '178', '83.00', '2017-01-21 23:52:04', '2017-01-21 23:52:04', '111', 'cc');
INSERT INTO `persona` VALUES ('2', '1029199383', 'Juan ', null, 'Cantor', 'Quiceno ', null, null, null, null, null, null, null, null, null, '2017-01-21 23:52:05', '2017-01-21 23:52:05', '111', 'cc');
INSERT INTO `persona` VALUES ('3', '19283741', 'Edenia', null, 'Puentes', 'Ardila ', null, null, null, null, null, null, null, null, null, '2017-01-21 23:52:05', '2017-01-21 23:52:05', '111', 'cc');
INSERT INTO `persona` VALUES ('4', '1029374635', 'Juan Felipe', null, 'Cantor ', 'Quiceno', null, null, null, null, null, null, null, null, null, '2017-01-22 09:50:08', '2017-01-22 09:50:08', '111', 'cc');
INSERT INTO `persona` VALUES ('5', '28198626', 'Edenia', null, 'Puentes', 'Ardila ', null, null, null, null, null, null, null, null, null, '2017-01-22 09:50:09', '2017-01-22 09:50:09', '111', 'cc');

-- ----------------------------
-- Table structure for tipo_documento
-- ----------------------------
DROP TABLE IF EXISTS `tipo_documento`;
CREATE TABLE `tipo_documento` (
  `id_tip_doc` varchar(4) NOT NULL,
  `nom_tip_doc` varchar(80) NOT NULL,
  PRIMARY KEY (`id_tip_doc`)
) ENGINE=InnoDB DEFAULT CHARSET=utf8;

-- ----------------------------
-- Records of tipo_documento
-- ----------------------------
INSERT INTO `tipo_documento` VALUES ('cc', 'Cdula de Ciudadana ');
INSERT INTO `tipo_documento` VALUES ('ce', 'Cdula de Extranjera');
INSERT INTO `tipo_documento` VALUES ('nuip', 'Nmero nico de Identificacin Personal');

-- ----------------------------
-- Table structure for tipo_usuario
-- ----------------------------
DROP TABLE IF EXISTS `tipo_usuario`;
CREATE TABLE `tipo_usuario` (
  `id_tip_usua` int(2) unsigned NOT NULL AUTO_INCREMENT,
  `nom_tip_usua` varchar(100) NOT NULL,
  PRIMARY KEY (`id_tip_usua`)
) ENGINE=InnoDB AUTO_INCREMENT=3 DEFAULT CHARSET=utf8;

-- ----------------------------
-- Records of tipo_usuario
-- ----------------------------
INSERT INTO `tipo_usuario` VALUES ('1', 'Titular');
INSERT INTO `tipo_usuario` VALUES ('2', 'Beneficiario');

-- ----------------------------
-- Table structure for tratamiento_enfermedad
-- ----------------------------
DROP TABLE IF EXISTS `tratamiento_enfermedad`;
CREATE TABLE `tratamiento_enfermedad` (
  `id_trat_enf` int(10) unsigned NOT NULL AUTO_INCREMENT,
  `id_per` int(10) unsigned NOT NULL,
  `id_form` int(10) unsigned NOT NULL,
  `enfermedad` varchar(100) DEFAULT NULL,
  `anio_diag` varchar(4) DEFAULT NULL,
  `tratamiento` varchar(200) DEFAULT NULL,
  PRIMARY KEY (`id_trat_enf`,`id_per`,`id_form`),
  KEY `fk_tratamiento_enfermedad_persona1_idx` (`id_per`),
  KEY `fk_tratamiento_enfermedad_formulario1_idx` (`id_form`),
  CONSTRAINT `fk_tratamiento_enfermedad_formulario1` FOREIGN KEY (`id_form`) REFERENCES `formulario` (`id_form`) ON DELETE NO ACTION ON UPDATE NO ACTION,
  CONSTRAINT `fk_tratamiento_enfermedad_persona1` FOREIGN KEY (`id_per`) REFERENCES `persona` (`id_per`) ON DELETE NO ACTION ON UPDATE NO ACTION
) ENGINE=InnoDB AUTO_INCREMENT=2 DEFAULT CHARSET=utf8;

-- ----------------------------
-- Records of tratamiento_enfermedad
-- ----------------------------
INSERT INTO `tratamiento_enfermedad` VALUES ('1', '1', '21', 'Mentales', '2012', 'Electrochoques');
